customer_id,name,age,income,registration_date,tenure_days
1001,Chatura Sarkar,65,1650000,2025-05-07 04:29:05,75
1002,Ansh Kulkarni,57,1690000,2023-07-18 02:59:55,734
1003,Bina Jaggi,47,2170000,2022-04-07 14:58:26,1201
1004,Anjali Sunder,42,2050000,2020-10-29 08:17:13,1726
1005,Sudiksha Dash,45,2230000,2024-04-25 13:20:23,452
1006,Bhavna Golla,58,810000,2023-07-28 12:05:54,724
1007,Anthony Gupta,40,870000,2023-01-22 00:10:01,911
1008,Michael Puri,36,600000,2023-02-18 04:18:57,884
1009,Harinakshi Mohanty,61,1850000,2023-12-10 12:38:34,589
1010,Diya Sarna,39,1140000,2022-01-24 12:38:38,1274
1011,Sai Vig,41,2300000,2024-01-25 23:23:16,542
1012,Dayamai Dutt,47,660000,2024-11-25 01:21:34,238
1013,Gagan Bandi,29,1070000,2024-10-24 16:42:01,270
1014,Janaki Basak,63,840000,2023-06-24 08:34:13,758
1015,Pahal Bahri,30,2020000,2021-10-26 17:57:25,1364
1016,Aadhya Balakrishnan,32,2430000,2025-06-15 22:00:37,35
1017,Tristan Tata,30,1590000,2023-10-25 18:28:43,634
1018,Panini Keer,37,870000,2025-05-25 22:56:15,56
1019,Ayushman Maharaj,27,2300000,2025-05-29 11:57:19,53
1020,Watika Sarkar,39,1440000,2023-06-24 21:14:07,757
1021,Amol Walla,65,920000,2025-03-12 03:44:29,131
1022,Anvi Nayar,49,2110000,2020-08-27 14:14:09,1789
1023,Barkha Bose,29,940000,2021-10-16 05:08:10,1374
1024,Simon Virk,40,1050000,2021-05-18 19:59:08,1524
1025,Zansi Panchal,47,2150000,2024-04-08 16:12:48,469
1026,Frederick Bahl,49,890000,2024-02-20 19:37:37,516
1027,Turvi Nazareth,38,1050000,2024-03-01 06:49:04,507
1028,Siddharth Sur,35,1580000,2022-01-26 19:03:53,1271
1029,Darsh Dhar,27,2380000,2022-07-25 13:03:34,1092
1030,Nicholas Sodhi,25,700000,2024-02-17 20:45:52,519
1031,Omkaar Sha,56,2180000,2021-09-20 06:52:35,1400
1032,Vansha Balan,34,440000,2020-09-02 06:10:23,1783
1033,Chavvi Sachar,56,1340000,2022-08-18 19:44:42,1067
1034,Saumya Sangha,63,1720000,2023-02-10 16:05:05,892
1035,Yagnesh Chander,27,2480000,2024-12-08 10:33:54,225
1036,Lakshmi Narang,24,1980000,2024-09-25 03:21:02,299
1037,Banjeet Vig,36,2390000,2022-11-13 08:21:03,981
1038,Ikbal Bhatnagar,29,2080000,2021-05-24 05:30:27,1519
1039,Amruta Rao,37,350000,2023-12-13 10:01:33,586
1040,Ati Barman,40,560000,2021-01-14 10:15:11,1649
1041,Ranbir Dugar,45,1470000,2023-01-01 05:04:12,932
1042,Saksham Brahmbhatt,49,450000,2023-10-03 18:26:41,656
1043,Amol Kade,45,660000,2020-09-04 15:47:11,1781
1044,Krish Kapoor,52,790000,2022-05-13 23:05:12,1164
1045,Mohini Kade,44,2010000,2025-03-15 16:46:10,128
1046,Jason Singh,34,810000,2023-05-08 19:24:15,804
1047,Mason Prashad,60,1720000,2023-02-05 21:41:10,896
1048,Ryan Saha,56,1400000,2023-07-06 04:20:35,746
1049,Faraj Khurana,26,1050000,2021-04-30 06:08:43,1543
1050,Garima Sabharwal,27,1230000,2025-07-17 05:12:27,4
1051,Laksh Dass,43,2420000,2023-05-30 08:11:45,783
1052,Hardik Dua,61,2090000,2023-10-15 10:39:36,645
1053,Lekha Lal,22,1470000,2020-10-31 02:45:23,1724
1054,Jai Mannan,59,1060000,2022-04-25 11:53:21,1183
1055,Ojasvi Zachariah,63,850000,2024-08-28 04:03:05,327
1056,Wahab Chada,27,2160000,2023-11-27 16:25:02,602
1057,Maya Ahuja,23,1330000,2020-11-29 13:55:57,1695
1058,Gagan Mukhopadhyay,42,1890000,2021-05-31 11:06:08,1512
1059,Manthan Dash,40,1970000,2021-05-02 08:25:55,1541
1060,Xavier Barad,61,760000,2024-11-12 06:44:47,251
1061,Aarnav Modi,49,570000,2022-06-21 15:15:15,1126
1062,Ria Balay,52,1460000,2022-11-09 22:14:19,984
1063,Omisha Magar,57,1200000,2023-09-01 02:53:58,689
1064,Daksha Dara,60,1640000,2024-09-23 14:27:45,301
1065,Aarush Parmar,54,2470000,2024-11-08 02:23:51,255
1066,Isha Sankar,50,450000,2023-09-08 08:37:17,682
1067,Jairaj Goswami,53,2090000,2025-06-03 00:21:11,48
1068,Wriddhish Kulkarni,37,610000,2022-04-29 13:36:12,1179
1069,Oeshi Kanda,47,1830000,2021-04-26 03:41:18,1547
1070,Tanvi Deol,52,1740000,2021-04-29 16:31:50,1544
1071,Yasti Anne,44,760000,2023-05-10 01:11:43,803
1072,Avi Viswanathan,47,1010000,2024-09-26 05:37:15,298
1073,Victor Sharma,23,500000,2024-01-25 01:32:05,543
1074,Vihaan Kothari,47,1100000,2023-12-11 01:00:55,588
1075,Kritika Patil,32,2110000,2024-06-30 23:50:14,385
1076,Aadi Ganguly,64,1390000,2024-10-03 12:05:27,291
1077,Jack Dua,23,1640000,2024-04-03 23:20:04,473
1078,Omisha Grewal,65,2040000,2020-11-12 08:25:08,1712
1079,Oviya Nagarajan,41,2410000,2021-01-21 05:58:51,1642
1080,Urishilla Loke,27,1990000,2023-12-02 20:17:26,596
1081,Janya Randhawa,50,430000,2024-07-19 00:29:46,367
1082,Noah Salvi,57,1370000,2023-05-19 09:38:44,794
1083,Zilmil Kala,37,1970000,2023-05-04 17:05:40,809
1084,Ikshita Nagi,24,2180000,2022-04-03 00:45:40,1205
1085,Yash Kulkarni,32,780000,2023-03-03 23:33:45,870
1086,Omya Walia,55,1060000,2021-12-10 08:59:28,1319
1087,Harshil Bava,44,1310000,2020-10-11 23:43:46,1743
1088,Manbir Raja,28,490000,2021-10-14 05:13:01,1376
1089,Ridhi Mohan,31,1700000,2025-04-21 14:06:49,91
1090,Ikshita Gara,34,870000,2024-03-29 09:41:33,479
1091,Manbir Pillay,57,370000,2022-08-13 14:04:26,1073
1092,Dayamai Warrior,47,1730000,2021-11-14 08:57:55,1345
1093,Jonathan Contractor,47,840000,2022-08-27 16:57:27,1059
1094,Upasna Prasad,42,1450000,2021-07-18 06:39:06,1464
1095,Gagan Bhatt,34,1970000,2022-07-13 23:30:15,1103
1096,Michael Bakshi,42,2050000,2025-04-03 01:11:21,109
1097,Lekha Trivedi,30,1640000,2021-01-24 23:13:29,1638
1098,Nikita Patel,39,1200000,2024-09-13 23:48:06,310
1099,Om Nadkarni,57,2100000,2024-11-09 00:43:27,254
1100,Tripti Sundaram,57,1960000,2021-09-06 07:47:40,1414
1101,Varsha Karnik,56,1620000,2021-09-03 16:59:13,1417
1102,Tanvi Guha,40,1360000,2022-05-31 23:49:50,1146
1103,Triya Manda,43,1660000,2023-02-16 11:53:21,886
1104,Aditya Amble,41,1890000,2022-07-10 16:29:05,1107
1105,Mahika Banik,47,2320000,2020-08-19 11:02:23,1797
1106,Darika Grover,34,890000,2023-06-16 21:06:51,765
1107,Chanchal Rana,59,320000,2022-03-24 09:14:20,1215
1108,Jagvi Sankar,38,830000,2024-07-25 00:56:04,361
1109,Charvi Vaidya,32,2310000,2025-03-22 19:49:23,120
1110,Fiyaz Kara,38,2260000,2020-07-31 21:03:27,1815
1111,Yashica Radhakrishnan,36,650000,2023-06-04 07:20:55,778
1112,Bachittar Sahota,54,2240000,2024-11-08 20:21:18,254
1113,Meera Nadkarni,48,2150000,2025-06-03 19:23:25,47
1114,Bhavini Hora,52,370000,2021-06-05 08:14:45,1507
1115,Vritti Mannan,49,1560000,2021-06-17 03:39:39,1495
1116,Nidra Dhawan,64,1960000,2023-02-18 07:11:43,884
1117,Chakradev Srivastava,29,880000,2021-11-19 20:14:17,1339
1118,Bhavani Borah,38,960000,2025-02-26 06:31:11,145
1119,Chandresh Bandi,37,440000,2021-01-07 12:39:56,1656
1120,Gaurika Subramaniam,32,1110000,2020-10-22 10:36:01,1733
1121,Yochana Kunda,41,1860000,2025-04-16 04:41:22,96
1122,Ekalinga Kapoor,38,1110000,2025-07-11 20:10:15,9
1123,Yatan Ahuja,37,1170000,2022-11-01 21:45:35,992
1124,Kevin Nagar,65,1170000,2021-11-25 15:07:17,1334
1125,Rajeshri Roy,52,2120000,2023-11-04 05:05:00,625
1126,Maya Varughese,22,2360000,2023-03-15 14:36:39,859
1127,Pushti Patla,39,590000,2024-07-11 13:16:58,375
1128,Rehaan Date,37,2110000,2022-08-29 00:03:10,1057
1129,Madhavi Agrawal,42,2050000,2023-12-24 06:20:43,575
1130,Hemani Chakrabarti,54,950000,2020-07-24 03:08:55,1823
1131,Warhi Sem,48,1680000,2024-07-12 01:01:37,374
1132,Ikbal Mahajan,46,1790000,2023-12-08 03:09:57,591
1133,Anvi Barad,30,800000,2021-07-11 11:25:51,1471
1134,Lipika Sami,38,1710000,2025-01-08 14:42:42,194
1135,Hemal Shanker,53,1080000,2024-08-30 16:43:22,325
1136,Indrajit Saha,25,460000,2022-08-05 00:30:40,1081
1137,Yashoda Toor,62,1910000,2025-04-30 15:31:07,82
1138,Sai Lalla,58,1510000,2023-05-12 23:23:50,800
1139,Avi Mangal,62,2350000,2024-11-30 09:11:47,233
1140,Krisha Dugal,24,1000000,2021-02-19 03:20:21,1613
1141,Yoshita Kaur,33,1550000,2025-06-18 20:31:32,32
1142,Timothy Sura,24,420000,2021-12-29 07:36:35,1300
1143,Udyati Prakash,54,960000,2020-07-21 19:42:35,1825
1144,Ayaan Lad,44,1050000,2021-10-19 08:41:50,1371
1145,Robert Narain,57,1220000,2022-06-21 16:28:22,1126
1146,Aradhana Varughese,39,1720000,2022-04-11 20:46:29,1196
1147,Ryan Srivastava,63,360000,2021-06-09 11:18:31,1503
1148,Jyoti Cheema,49,1940000,2024-10-02 08:00:25,292
1149,Mitesh Golla,30,960000,2021-10-24 08:28:55,1366
1150,Devansh Kala,65,1440000,2021-11-09 10:59:14,1350
1151,Januja Dixit,42,1780000,2020-08-14 00:09:00,1802
1152,Barkha Dugar,38,2250000,2021-09-10 02:45:46,1410
1153,Oviya Chhabra,33,1100000,2020-11-09 15:03:37,1715
1154,Kai Sant,45,350000,2025-04-24 01:52:43,88
1155,Faris Gala,48,1630000,2022-08-28 06:23:28,1058
1156,Chatura Munshi,63,1230000,2023-03-19 18:41:18,854
1157,Rajata Johal,46,450000,2022-09-08 22:55:16,1046
1158,Yutika Thaman,43,730000,2020-10-13 21:17:48,1741
1159,Yadavi Dutta,63,1370000,2024-03-20 16:44:05,488
1160,Yoshita Goda,63,890000,2025-03-03 01:27:10,140
1161,Ekta Konda,37,680000,2022-03-12 21:02:14,1226
1162,Madhavi Saini,59,2460000,2020-10-19 21:24:31,1735
1163,Tripti Sabharwal,41,2260000,2023-05-30 13:42:53,783
1164,Advik Borde,38,1600000,2022-11-30 14:02:10,964
1165,Harsh Bhatt,55,1260000,2024-08-01 10:30:09,354
1166,Om Oak,61,1980000,2023-06-02 01:28:02,780
1167,Balhaar Gola,29,2430000,2022-12-19 19:42:11,944
1168,Eshana Kanda,48,2340000,2024-12-30 06:46:40,203
1169,Chakrika Kashyap,57,960000,2021-04-22 13:46:51,1551
1170,Mason Vora,45,1610000,2023-06-02 05:02:45,780
1171,Amruta Chaudhry,23,630000,2022-04-22 07:54:33,1186
1172,Chavvi Sheth,22,890000,2022-07-23 09:44:22,1094
1173,Prisha Mohanty,62,2190000,2022-12-15 17:43:02,949
1174,Yashasvi Ray,51,1250000,2023-09-15 13:04:16,675
1175,Hemangini Balakrishnan,37,1330000,2024-07-14 08:13:01,372
1176,Omkaar Dubey,43,2100000,2024-04-12 19:33:46,464
1177,Pooja Mane,47,2370000,2021-12-28 10:55:10,1301
1178,Xiti Yogi,26,1750000,2022-04-30 01:02:16,1178
1179,Ranveer Kapadia,33,980000,2020-12-02 04:52:32,1692
1180,Widisha Sem,26,1630000,2023-02-09 09:22:16,893
1181,Geetika Bhandari,24,1940000,2024-05-28 20:50:29,418
1182,Ekapad Konda,50,1060000,2023-12-22 03:55:38,577
1183,Urvi Saxena,43,1590000,2022-06-08 16:57:19,1139
1184,Saanvi Subramaniam,24,390000,2020-08-22 03:47:49,1794
1185,Ekansh Memon,32,830000,2022-07-26 08:43:18,1091
1186,Theodore Verma,22,300000,2023-12-02 23:18:54,596
1187,Vrishti Swaminathan,62,770000,2022-10-05 06:12:30,1020
1188,Devansh Zachariah,64,800000,2020-12-19 00:00:20,1675
1189,Jackson Ganguly,35,350000,2022-03-07 16:42:36,1232
1190,Yachana Bansal,28,840000,2022-06-15 23:12:15,1131
1191,Nitara Mangat,29,1800000,2024-04-06 08:31:08,471
1192,Aditya Johal,26,1290000,2025-03-10 12:55:57,133
1193,Anjali Amble,39,1670000,2021-07-25 22:44:46,1456
1194,Anamika Ramachandran,23,490000,2021-01-10 20:18:45,1652
1195,Warda Dugal,49,1150000,2021-10-31 22:08:02,1358
1196,Sai Varkey,43,1790000,2024-05-03 18:39:46,443
1197,Matthew Srinivasan,59,1010000,2024-03-05 16:25:45,503
1198,Oviya Patel,33,2370000,2023-07-25 00:13:43,727
1199,Hema Ahuja,56,2320000,2023-04-18 19:48:35,824
1200,Barkha Majumdar,50,390000,2024-06-18 01:59:36,398
1201,Anvi Gaba,48,770000,2020-11-23 00:47:28,1701
1202,Aarna Sinha,33,1890000,2023-05-14 17:51:20,799
1203,Falguni Kashyap,23,1750000,2024-02-29 01:28:59,508
1204,Gaurang Butala,63,2430000,2024-07-01 20:05:04,384
1205,Avni Sengupta,39,820000,2023-09-16 18:35:47,673
1206,Bimala Sastry,42,2390000,2022-04-04 10:34:19,1204
1207,Shravya Bhagat,25,1310000,2024-12-03 11:01:06,230
1208,Warinder Prakash,51,650000,2023-11-23 05:40:27,606
1209,Unni Bhattacharyya,54,2470000,2024-12-05 18:27:08,227
1210,Deepa Boase,61,710000,2025-03-01 10:18:42,142
1211,Rachita Bahri,59,690000,2023-10-29 07:30:37,631
1212,Kamya Wagle,22,1380000,2022-03-20 17:57:37,1219
1213,Ubika Gade,31,930000,2022-07-20 23:16:42,1096
1214,Advaith Hans,42,2120000,2021-03-07 11:18:16,1597
1215,Aarav Wable,44,740000,2021-01-13 23:40:29,1649
1216,Odika Iyer,63,1250000,2020-11-30 06:37:30,1694
1217,Devika Bhakta,60,2110000,2023-09-19 08:38:21,671
1218,Gopal Chanda,59,2450000,2022-05-11 04:02:26,1167
1219,Samar Chopra,49,1380000,2022-01-12 01:33:48,1286
1220,Manan Soman,54,1870000,2022-04-14 18:57:12,1193
1221,Netra Mallick,52,1140000,2022-11-22 07:49:54,972
1222,Anirudh Nigam,54,1220000,2024-07-09 20:27:25,376
1223,Lila Pillay,24,1490000,2024-05-13 08:08:04,434
1224,Harita Divan,48,1650000,2022-07-21 00:48:56,1096
1225,Bhavani Swamy,39,2290000,2022-02-28 13:36:03,1239
1226,Yuvraj Dora,46,440000,2022-12-26 12:03:27,938
1227,Forum Banerjee,34,2330000,2021-06-10 19:06:06,1501
1228,Fariq Sangha,33,2220000,2025-02-06 21:30:43,164
1229,Zashil Khalsa,37,1420000,2025-06-03 11:37:23,48
1230,Anya Tandon,49,1650000,2021-09-05 22:26:30,1414
1231,Vasana Lata,58,1760000,2022-06-28 21:26:14,1118
1232,Upma Munshi,49,2270000,2024-04-01 16:39:27,476
1233,Zaitra Natarajan,35,1760000,2021-08-14 05:14:10,1437
1234,Garima Patla,64,1500000,2023-06-15 15:25:57,767
1235,Frederick Nagy,37,2390000,2022-02-22 17:08:14,1245
1236,Rajeshri Kala,60,1620000,2023-12-03 19:30:49,595
1237,Siddharth Nigam,56,1730000,2024-12-05 16:37:41,228
1238,Balhaar Bal,54,1310000,2023-05-14 23:30:26,798
1239,Yadavi Loke,61,2140000,2025-04-26 05:39:12,86
1240,Forum Bhat,54,670000,2024-12-20 07:42:39,213
1241,Xiti Rajagopalan,24,690000,2020-08-15 18:47:02,1800
1242,Bhavini Prakash,22,500000,2023-09-10 20:08:16,679
1243,Jackson Tripathi,35,1400000,2020-08-19 14:29:10,1797
1244,Meghana Naidu,47,810000,2025-04-09 10:46:50,103
1245,Joshua Desai,35,1820000,2021-12-29 14:40:07,1300
1246,Rajeshri Sem,57,980000,2024-04-02 19:54:50,474
1247,Ronith Toor,55,800000,2021-09-22 00:12:56,1398
1248,Chatura Kalla,25,890000,2024-08-03 18:37:42,351
1249,Eiravati Kapoor,42,2190000,2021-04-20 08:09:29,1553
1250,Aarav Gaba,29,420000,2021-01-05 17:25:25,1658
1251,Vanya Dar,43,890000,2020-09-12 08:59:28,1773
1252,Adweta Sathe,50,2170000,2024-12-11 15:19:15,222
1253,Jairaj Ravel,28,1830000,2025-07-10 03:25:20,11
1254,Bhanumati Murthy,36,1550000,2022-06-12 06:39:32,1135
1255,Janaki Kumar,59,1490000,2023-09-14 11:47:02,676
1256,Ronith Johal,56,1350000,2021-12-23 02:21:24,1306
1257,Mahika Patil,26,2040000,2023-03-25 00:34:50,849
1258,Teerth Chawla,60,1820000,2021-11-03 10:31:23,1356
1259,Advik Tak,36,840000,2020-08-17 10:43:48,1799
1260,Sarthak Khare,27,760000,2024-05-24 10:00:41,423
1261,Hema Golla,57,1740000,2023-07-23 14:45:23,729
1262,Finn Mitter,60,1030000,2023-05-25 00:41:12,788
1263,Theodore Narain,42,1360000,2022-10-08 17:35:14,1017
1264,Advay Thakur,64,1970000,2024-11-02 12:27:34,261
1265,Akshay Rana,62,860000,2025-05-24 15:45:10,58
1266,Vedant Ganesan,32,1780000,2024-10-06 17:13:28,288
1267,Frederick Kamdar,45,2140000,2022-05-04 19:47:15,1173
1268,Harshil Tandon,33,2300000,2023-08-28 06:02:41,693
1269,Nandini Bhavsar,43,510000,2023-04-08 11:24:16,835
1270,Maya Prakash,59,1390000,2023-11-01 14:04:58,628
1271,Rohan Mahajan,24,1530000,2022-08-24 07:47:51,1062
1272,Aarush Sarna,40,2240000,2022-08-04 19:47:12,1081
1273,Gaurika Subramaniam,43,510000,2020-08-16 17:24:15,1800
1274,Ekavir Kale,35,1030000,2024-10-11 03:19:04,283
1275,Aarnav Dar,41,1580000,2022-01-31 22:00:51,1266
1276,Gaurika Dora,36,1660000,2025-06-03 06:20:31,48
1277,Abha Mangal,61,1090000,2023-03-29 13:59:19,845
1278,Anvi Sarma,64,790000,2024-05-06 13:01:32,441
1279,Indira Parsa,43,1530000,2024-01-22 20:55:34,545
1280,Matthew Behl,33,1560000,2022-11-30 06:12:20,964
1281,Bachittar Dyal,63,1800000,2023-06-02 16:38:51,780
1282,Libni Iyer,33,950000,2025-05-20 12:02:49,62
1283,Chaman Dada,39,1120000,2022-04-28 15:49:33,1180
1284,Gaurang Rana,65,1850000,2021-08-10 13:48:01,1441
1285,Zaid Batra,24,850000,2025-04-02 16:09:25,110
1286,Ekiya Wable,36,1600000,2024-05-17 19:41:10,429
1287,Charita Cheema,57,1200000,2022-10-19 09:05:15,1006
1288,Damyanti Saraf,60,700000,2021-10-28 11:21:34,1362
1289,Yashasvi Savant,40,1510000,2022-11-20 10:40:07,974
1290,Wishi Mannan,27,670000,2023-04-11 06:30:27,832
1291,Upma Subramaniam,48,2080000,2021-02-03 23:52:55,1628
1292,Abeer Hegde,25,1550000,2022-01-28 04:13:05,1270
1293,Chatura Badami,39,510000,2022-12-22 04:34:27,942
1294,Sachi Sarkar,52,1340000,2021-08-18 05:47:47,1433
1295,Logan Swamy,59,1750000,2025-06-04 03:07:54,47
1296,Ayaan Lalla,62,2460000,2023-10-26 08:07:53,634
1297,Kabir Kuruvilla,59,600000,2021-11-01 07:52:35,1358
1298,Dalaja Sankaran,27,2320000,2023-12-08 23:49:49,590
1299,Ekaja Dara,53,460000,2021-04-14 01:57:11,1559
1300,Logan Golla,45,1100000,2020-07-26 03:14:39,1821
1301,Eesha Goda,31,1670000,2024-06-03 23:54:59,412
1302,Yutika Pall,40,1340000,2021-02-25 06:05:03,1607
1303,Warinder Kashyap,28,1330000,2020-08-15 20:20:24,1800
1304,Eshana Pau,45,300000,2022-09-09 12:32:34,1046
1305,Falguni Bahl,43,810000,2023-05-19 20:49:48,793
1306,Praneel Buch,52,370000,2023-11-10 18:37:28,618
1307,Arunima Bajaj,63,1020000,2020-08-27 08:46:58,1789
1308,Zinal Raghavan,25,1900000,2022-12-01 21:43:23,962
1309,Barkha Om,53,2290000,2020-12-03 17:52:44,1691
1310,Madhavi Uppal,43,2480000,2022-05-29 03:07:18,1149
1311,Advik Dass,43,1500000,2021-04-21 14:57:10,1552
1312,Manya Ravel,51,1530000,2022-02-22 10:15:59,1245
1313,Lohit Thakur,48,1510000,2025-07-01 23:45:09,19
1314,Lipika Mitter,52,690000,2021-09-07 15:24:01,1413
1315,Odika Dugar,32,1050000,2022-05-02 14:44:07,1176
1316,Thomas Setty,26,620000,2024-07-18 10:56:26,368
1317,Yug Wagle,42,1300000,2022-03-16 13:24:10,1223
1318,Zaid Mahal,33,2500000,2020-10-15 18:36:02,1739
1319,Yagnesh Nath,63,370000,2023-10-24 23:24:19,635
1320,Praneel Lala,51,1860000,2023-04-08 11:38:58,835
1321,Sathvik Lanka,27,2320000,2020-08-28 05:55:46,1788
1322,Urvi Jani,65,2020000,2022-11-22 23:24:33,971
1323,Aditya Karpe,50,460000,2021-10-21 09:17:02,1369
1324,Ria Lalla,26,670000,2021-03-08 15:32:42,1596
1325,Avni Kara,54,1270000,2023-11-25 00:24:22,604
1326,Neel Chacko,53,1720000,2025-04-27 23:30:10,84
1327,Damyanti Palla,23,340000,2022-01-29 22:23:47,1268
1328,Brijesh Rastogi,29,1140000,2021-12-07 18:35:38,1321
1329,Yahvi Sodhi,37,1700000,2021-06-11 16:57:08,1501
1330,Chaaya Shetty,48,690000,2020-08-22 18:46:23,1793
1331,Prisha Basak,40,1180000,2024-01-09 17:37:03,559
1332,Chatresh Ghosh,44,2410000,2024-11-15 01:57:29,248
1333,Omkaar Keer,51,2360000,2020-12-13 08:32:47,1681
1334,Yagnesh Bali,43,420000,2025-06-07 14:40:48,44
1335,Gayathri Dada,29,1120000,2024-07-01 08:06:46,385
1336,Janani Gandhi,58,1160000,2022-07-23 10:04:56,1094
1337,Waida Saxena,22,1670000,2022-06-04 17:07:08,1143
1338,Ikshita Mangat,30,2400000,2024-06-22 04:51:50,394
1339,Gautami Soni,23,1020000,2021-08-08 09:44:42,1443
1340,Xavier Dara,47,1250000,2024-09-17 15:00:11,307
1341,Ranveer Sharaf,48,2340000,2023-11-04 07:15:04,625
1342,Kabir Din,62,2090000,2024-07-09 08:55:50,377
1343,Unni Kalita,35,1070000,2024-11-16 08:10:52,247
1344,Rachana Bora,51,2010000,2024-02-08 17:49:22,529
1345,Zehaan Sarna,39,2490000,2021-11-19 18:50:25,1339
1346,Veda Khalsa,44,1950000,2021-01-29 01:51:03,1634
1347,Anay Mishra,52,1160000,2022-02-24 05:38:29,1243
1348,Vihaan Ramaswamy,62,2400000,2023-10-04 07:05:04,656
1349,Chanakya Sethi,23,490000,2025-06-23 06:37:12,28
1350,Vihaan Prakash,41,920000,2021-04-23 07:42:25,1550
1351,Libni Dugal,59,570000,2022-03-18 15:53:24,1221
1352,Bishakha Nath,31,500000,2020-09-24 10:58:17,1761
1353,Ikshita Singh,45,510000,2024-12-23 03:25:15,210
1354,Yuvraj Bala,37,370000,2025-01-11 04:18:40,191
1355,Hemang Mallick,45,1780000,2021-08-30 10:07:58,1421
1356,Brinda Sharaf,58,1340000,2025-04-16 02:09:26,96
1357,Adya Ghosh,63,310000,2021-08-22 16:39:22,1429
1358,Aditya Chahal,35,2260000,2022-01-16 00:40:45,1282
1359,Theodore Chaudry,35,1010000,2021-04-20 23:11:29,1552
1360,Adweta Bava,53,2180000,2023-08-31 11:51:29,690
1361,Harsh Sanghvi,31,1110000,2025-05-26 19:46:06,55
1362,Upma Padmanabhan,32,370000,2023-11-19 06:48:49,610
1363,Orinder Mangat,38,2460000,2023-05-01 21:10:12,811
1364,Ronith Deep,25,410000,2025-01-07 08:58:05,195
1365,Bhanumati Dhawan,50,1890000,2023-09-26 18:56:09,663
1366,Atharv Chander,32,2310000,2022-05-04 23:38:59,1173
1367,Qushi Ahluwalia,26,1150000,2022-04-10 03:32:03,1198
1368,Barkha Patil,52,320000,2021-01-31 08:47:55,1632
1369,Vansha Kakar,25,430000,2025-01-24 22:42:54,177
1370,Indira Khosla,64,1570000,2023-06-08 20:46:51,773
1371,Adya Kashyap,44,1080000,2020-10-08 21:09:05,1746
1372,Vrinda Uppal,42,1710000,2023-11-19 19:04:54,609
1373,Vyanjana Puri,26,620000,2023-12-04 17:45:01,595
1374,Ishwar Sarkar,60,1960000,2023-09-03 20:43:25,686
1375,Prisha Ratta,36,1150000,2025-05-31 22:53:39,50
1376,Faraj Badal,25,2410000,2021-08-07 18:20:08,1443
1377,Qarin Nanda,52,1850000,2023-08-26 14:04:43,695
1378,Mohini Bala,27,1160000,2022-08-06 04:07:59,1080
1379,Bakhshi Aurora,27,460000,2024-12-28 11:40:13,205
1380,Eesha Chawla,35,320000,2024-12-08 01:31:29,225
1381,Gayathri Patla,65,2100000,2021-08-05 04:30:08,1446
1382,Gautami Roy,26,1170000,2023-09-01 20:20:35,688
1383,Naveen Nayar,61,1480000,2021-05-28 13:07:21,1515
1384,Timothy Sandal,51,1550000,2021-10-22 04:23:59,1368
1385,Balvan Roy,56,1930000,2022-07-04 04:47:39,1113
1386,Dipta Bhatia,25,1720000,2023-04-29 00:24:41,814
1387,Harshil More,42,1610000,2022-11-03 23:38:58,990
1388,Ekaja Vohra,52,1700000,2025-07-18 08:26:41,3
1389,Harinakshi Chacko,65,1610000,2022-02-01 02:36:29,1266
1390,Deepa Sarna,50,650000,2022-10-11 21:15:09,1013
1391,Jai Bobal,41,350000,2020-08-28 16:12:59,1788
1392,Chandresh Iyer,38,910000,2021-07-23 11:48:56,1459
1393,Vaishnavi Saran,60,1690000,2022-11-07 01:12:38,987
1394,Harshil Wason,47,1570000,2021-06-07 17:17:01,1505
1395,Rehaan Issac,58,2400000,2024-07-28 21:38:12,357
1396,Ria Dhingra,65,2170000,2020-09-09 21:30:40,1775
1397,Oliver Bansal,57,1000000,2024-06-26 01:05:59,390
1398,Vincent Bahl,38,680000,2024-09-13 20:02:55,310
1399,Qushi Cherian,39,910000,2024-07-11 06:04:27,375
1400,Warhi Pathak,45,460000,2023-10-31 17:38:16,629
1401,Raghav Chaudhuri,60,550000,2022-06-16 21:54:15,1130
1402,Rajeshri Kanda,44,640000,2023-05-03 00:03:48,810
1403,Ayaan Wable,42,1320000,2022-02-16 19:12:55,1250
1404,Veer Reddy,51,780000,2020-09-29 19:53:08,1755
1405,Sarthak Ranganathan,57,2110000,2025-01-31 23:24:41,170
1406,Brijesh Brar,31,1180000,2025-02-21 16:55:04,150
1407,Omaja Varghese,36,2440000,2023-05-24 06:45:04,789
1408,Mitesh Mahajan,57,2020000,2022-04-25 06:01:30,1183
1409,Yug Pillay,35,1170000,2025-01-30 07:41:52,172
1410,Balhaar Kibe,50,2230000,2023-10-20 08:10:17,640
1411,Omya Aurora,28,1330000,2021-11-30 00:59:32,1329
1412,Gavin Cherian,22,1980000,2023-05-15 01:51:27,798
1413,Amrita Goda,42,940000,2024-04-23 00:49:38,454
1414,Samesh Balakrishnan,48,1340000,2021-01-07 13:39:15,1656
1415,Chasmum Dash,28,1910000,2022-11-03 03:03:53,991
1416,Charan Balakrishnan,51,380000,2021-03-22 10:27:10,1582
1417,Vrinda Barad,60,810000,2022-11-06 19:41:25,987
1418,Ronith Tiwari,58,690000,2022-07-27 10:39:34,1090
1419,Mitali Chand,42,1110000,2022-02-19 08:49:47,1248
1420,Lakshmi Goel,62,1060000,2025-03-14 16:18:02,129
1421,Om Rau,64,340000,2020-09-24 07:03:55,1761
1422,Noah Sabharwal,36,410000,2020-09-04 05:45:46,1781
1423,Priya Manne,57,1370000,2023-02-03 09:53:47,899
1424,Lopa Madan,25,640000,2024-03-03 10:01:26,505
1425,Veda Shah,33,1610000,2023-04-03 23:37:59,839
1426,Farhan Nadkarni,31,1810000,2022-12-09 13:19:43,955
1427,Laban Munshi,64,1380000,2024-01-11 18:50:55,556
1428,Advaith Rajan,61,520000,2022-04-08 09:54:14,1200
1429,Imaran Ganguly,22,350000,2024-10-15 01:29:06,279
1430,Nirja Das,37,870000,2022-03-26 10:32:07,1213
1431,Krish Sant,61,2480000,2020-11-13 10:50:54,1711
1432,Edhitha Atwal,46,1620000,2021-11-08 22:27:30,1350
1433,Indrajit Yadav,35,1860000,2021-03-02 14:22:10,1602
1434,Falak Batta,34,790000,2022-08-23 05:30:20,1063
1435,Anvi Sampath,33,400000,2020-08-07 08:06:19,1809
1436,Aditya Garg,54,1220000,2023-10-12 00:40:23,648
1437,Yadavi Tandon,29,2050000,2022-03-01 23:14:55,1237
1438,Osha Dixit,46,1250000,2023-07-17 14:12:30,735
1439,Benjamin Parikh,26,1680000,2023-10-22 17:36:02,638
1440,Rushil Devi,25,630000,2021-10-24 21:06:19,1365
1441,Fiyaz Mohan,38,2120000,2024-12-10 10:44:12,223
1442,Nidhi Dash,58,370000,2024-06-24 23:45:02,391
1443,Yadavi Bawa,24,2030000,2021-09-10 03:52:52,1410
1444,Caleb Karan,36,840000,2022-01-29 19:23:56,1268
1445,Balvan Singhal,52,530000,2024-03-24 11:18:53,484
1446,Ikshita Sama,61,1650000,2020-10-17 17:36:53,1738
1447,Oeshi Chadha,61,730000,2021-01-06 12:51:14,1657
1448,Charita Vasa,33,1420000,2024-06-27 03:09:27,389
1449,Ikbal Sridhar,32,1840000,2023-06-14 10:00:02,768
1450,Gautam Dash,29,1460000,2022-09-18 20:49:19,1036
1451,Vrinda Rai,40,400000,2024-07-31 03:22:02,355
1452,Samarth Bora,51,1070000,2020-08-29 13:32:37,1787
1453,Sneha Samra,64,1890000,2023-04-26 17:56:49,817
1454,Chaitanya Badal,47,1810000,2022-01-13 04:55:15,1285
1455,Samarth Arya,52,2450000,2024-01-17 07:07:10,551
1456,Harshil Hayre,39,2110000,2025-01-31 14:17:13,171
1457,Jatin Raju,24,870000,2024-12-27 01:13:48,206
1458,Jairaj Kumar,35,490000,2023-01-12 08:34:41,921
1459,Bhavini Sem,27,520000,2023-12-03 08:46:54,596
1460,Mohini Verma,33,510000,2025-03-06 01:15:40,137
1461,Mitali Soman,39,1360000,2024-07-16 16:12:56,370
1462,Chandran Varkey,55,1450000,2022-08-28 02:18:12,1058
1463,Ishaan Sarma,61,1980000,2022-06-11 16:15:20,1136
1464,Oviya Sundaram,42,840000,2024-10-16 22:26:45,277
1465,Geetika Bumb,31,360000,2024-04-28 07:32:06,449
1466,Timothy Patla,32,2000000,2024-08-04 20:36:56,350
1467,Ekansh Kale,62,2130000,2024-04-19 06:49:30,458
1468,Hritik Dube,63,2040000,2023-07-15 18:14:14,736
1469,Charan Chandra,26,1320000,2022-07-24 04:31:49,1093
1470,Vamakshi Raj,63,1150000,2022-10-13 09:24:11,1012
1471,Aarini Roy,59,450000,2021-04-01 03:01:32,1572
1472,Adya Dhar,31,1050000,2022-10-12 11:02:49,1013
1473,Adya Rajagopal,50,1950000,2020-09-01 12:25:12,1784
1474,Frederick Kakar,38,2370000,2023-01-23 10:08:47,910
1475,Ekiya Tailor,22,2100000,2021-12-29 17:40:27,1300
1476,Shivansh Saha,41,1480000,2024-05-17 06:54:30,430
1477,Sai Dugar,38,1970000,2024-12-14 22:27:06,218
1478,Nitara Pal,41,1570000,2023-02-03 05:34:38,899
1479,Aahana Kothari,34,1820000,2024-05-21 00:35:02,426
1480,Abeer Nagarajan,40,1010000,2024-09-18 07:15:31,306
1481,Bhavya Sankaran,58,1090000,2021-02-23 20:05:49,1608
1482,Vedant Baria,38,770000,2022-06-11 09:11:55,1136
1483,Onkar Parikh,58,430000,2022-03-01 21:36:42,1237
1484,Krishna Mane,41,480000,2020-11-19 18:03:37,1704
1485,Timothy Kari,23,1150000,2020-12-08 19:36:12,1685
1486,Gagan Mand,52,1490000,2022-11-11 20:13:17,982
1487,Eesha Kashyap,40,2170000,2023-09-19 17:30:33,671
1488,Ati Balay,55,1630000,2025-03-05 01:35:30,138
1489,Sanya Hora,58,1100000,2025-04-12 02:49:13,100
1490,Aarini Hans,38,1980000,2023-01-23 10:58:21,910
1491,Omya Oza,51,1190000,2023-03-02 15:41:54,872
1492,Niharika Palan,29,660000,2023-03-26 19:41:29,847
1493,Garima Sachdev,35,970000,2025-05-04 17:59:11,78
1494,Dhruv Behl,57,1520000,2023-04-23 13:32:56,820
1495,Avni Panchal,49,1350000,2022-04-19 22:17:24,1188
1496,Zashil Dada,29,1910000,2024-03-01 08:38:37,507
1497,Darpan Krishnamurthy,32,2240000,2022-10-22 23:40:58,1002
1498,Manan Shan,50,2060000,2022-06-09 13:11:57,1138
1499,Irya Contractor,57,840000,2022-09-01 09:39:43,1054
1500,Girindra Shan,64,1090000,2024-01-22 02:43:45,546
1501,Edhitha Badal,63,1260000,2021-09-20 07:44:05,1400
1502,Advay Balasubramanian,48,2230000,2022-08-06 22:18:11,1079
1503,Chatura Sekhon,29,2210000,2022-09-20 06:55:50,1035
1504,Yagnesh Bahl,28,2360000,2023-03-27 17:12:07,847
1505,Brijesh Prashad,34,1670000,2024-10-11 22:07:56,282
1506,Reva Ramachandran,46,2290000,2022-01-12 13:55:36,1286
1507,Qasim Morar,38,1020000,2023-03-12 22:37:44,861
1508,Lila Maharaj,36,1080000,2023-07-26 16:28:43,726
1509,Reva Chakraborty,25,880000,2023-09-10 07:22:34,680
1510,Prisha Choudhary,36,770000,2022-01-08 05:24:59,1290
1511,Pranit Kade,31,1040000,2022-06-13 03:42:03,1134
1512,Ikbal Som,45,1970000,2020-10-14 14:51:31,1741
1513,Tarak Khare,40,2150000,2024-12-17 13:47:30,216
1514,Vedika Behl,33,1730000,2023-06-01 11:00:22,781
1515,Praneel Varughese,26,2320000,2024-03-20 03:18:21,488
1516,Rajata Dutta,28,1100000,2025-05-15 19:22:11,66
1517,Upasna Minhas,49,650000,2022-03-11 02:29:49,1228
1518,Chakrika Dasgupta,55,780000,2023-06-17 18:34:11,764
1519,Balvan Yogi,24,400000,2023-04-08 17:48:20,835
1520,Libni Tata,39,1350000,2021-04-27 01:14:15,1546
1521,Nachiket Dara,30,1450000,2022-10-26 08:29:13,999
1522,Vidhi Mane,29,1350000,2021-02-15 14:19:05,1617
1523,Peter Nayar,34,1200000,2023-07-09 20:33:07,742
1524,Balendra Oommen,59,750000,2023-07-21 13:04:27,731
1525,Neelima Bahl,54,1830000,2022-11-29 15:21:52,965
1526,Avi Chanda,64,2190000,2020-09-13 01:31:28,1772
1527,Thomas Soni,52,650000,2022-10-29 15:35:25,996
1528,Imaran Vyas,63,2310000,2023-10-04 04:19:20,656
1529,Vedhika Barman,42,1970000,2024-11-13 11:36:50,250
1530,Tripti Reddy,54,950000,2024-01-21 08:05:20,547
1531,Nihal Solanki,56,1850000,2025-04-23 16:09:46,89
1532,Bhavika Bhasin,43,1020000,2021-01-09 02:01:56,1654
1533,Yashoda Raghavan,34,930000,2020-12-15 20:53:58,1678
1534,Mason Sampath,59,1670000,2020-10-04 06:45:09,1751
1535,Ekbal Kadakia,36,1640000,2024-03-31 21:19:26,476
1536,Tristan Choudhry,43,1350000,2022-05-26 06:46:48,1152
1537,Ranbir Chand,23,480000,2021-01-03 22:52:41,1659
1538,Arunima Khare,57,1150000,2023-06-08 19:36:30,773
1539,Lopa Dubey,33,310000,2021-12-31 19:48:00,1297
1540,Daniel Khosla,36,1180000,2024-12-30 15:18:23,203
1541,Naveen Lall,48,1650000,2023-11-10 11:52:56,619
1542,Vansha Radhakrishnan,53,920000,2024-03-06 18:01:28,501
1543,Lajita Kala,34,1180000,2025-03-24 12:31:39,119
1544,Netra Sheth,41,2180000,2023-11-24 02:38:03,605
1545,Charita Bose,25,2460000,2021-08-07 18:16:31,1443
1546,Vanya Chaudhary,62,610000,2024-01-08 20:08:00,559
1547,Fiyaz Grewal,63,1880000,2021-12-06 11:48:49,1323
1548,Vidhi Saha,45,2280000,2024-11-21 07:52:01,242
1549,Yashodhara Singh,38,660000,2023-12-18 20:45:30,580
1550,Dakshesh Agrawal,60,1700000,2023-01-07 15:50:24,926
1551,Dominic Mistry,57,1380000,2024-06-03 23:50:43,412
1552,Samaksh Sarma,58,1610000,2024-06-17 04:58:11,399
1553,Tanay Borra,30,1920000,2025-03-29 22:40:58,113
1554,Zilmil Vaidya,32,1650000,2025-07-18 15:37:39,3
1555,Chaitanya Sabharwal,37,2500000,2021-05-20 13:12:37,1523
1556,Vamakshi Narayan,30,340000,2022-04-28 09:35:44,1180
1557,Oeshi Rana,54,2140000,2024-05-15 22:49:53,431
1558,Nidra Samra,56,1580000,2024-12-30 01:36:53,203
1559,Irya Atwal,23,2310000,2020-12-29 00:01:38,1665
1560,Jagdish Banik,38,850000,2025-07-04 05:26:45,17
1561,Utkarsh Gour,63,2150000,2020-09-28 20:29:30,1756
1562,Caleb Rau,63,1720000,2020-08-27 18:04:38,1788
1563,Nandini Rout,35,1010000,2021-02-17 03:20:04,1615
1564,Barkha Trivedi,52,2000000,2023-08-08 04:04:35,713
1565,Gagan Krishnan,47,1200000,2023-11-03 20:29:52,625
1566,Logan Sodhi,51,2480000,2024-01-08 04:25:10,560
1567,Chatresh Nadig,50,2370000,2023-06-01 05:04:49,781
1568,Ekaraj Goswami,25,800000,2024-08-08 01:17:17,347
1569,Vamakshi Kashyap,65,1410000,2022-06-18 21:27:16,1128
1570,Zayyan Borra,57,2150000,2022-04-28 09:58:33,1180
1571,Bhavna Dash,43,530000,2022-04-16 20:54:12,1191
1572,Unnati Sodhi,37,1750000,2021-03-25 19:48:23,1578
1573,Megha Virk,32,2220000,2024-10-20 23:46:33,273
1574,Jason Palla,43,660000,2021-04-29 22:34:01,1543
1575,Siddharth Krishna,33,870000,2023-01-27 05:57:47,906
1576,Shaurya Narasimhan,37,760000,2023-08-19 11:11:23,702
1577,Saksham Sengupta,26,2210000,2022-10-22 15:44:38,1003
1578,Kalpit Sami,55,1800000,2021-11-09 08:08:30,1350
1579,Rehaan Thaker,55,1070000,2024-09-04 15:49:16,320
1580,Yashasvi Thaker,29,1450000,2024-06-07 21:40:11,408
1581,Mitesh Parikh,30,1700000,2022-03-26 13:54:00,1213
1582,Guneet Desai,44,1930000,2020-10-10 12:19:20,1745
1583,Hemani Tailor,32,860000,2021-03-20 23:20:08,1583
1584,Sai Kar,56,1130000,2024-01-01 22:33:07,566
1585,Aarnav Soni,36,2010000,2021-01-23 07:35:08,1640
1586,Jagvi Parmer,58,2190000,2023-01-13 19:36:28,919
1587,Advika Brahmbhatt,27,2000000,2021-02-03 00:08:27,1629
1588,Tanmayi Sarin,42,2290000,2022-06-18 15:58:02,1129
1589,Neel Ghose,32,2200000,2021-01-13 14:56:01,1650
1590,Bahadurjit Nagarajan,26,510000,2020-10-05 13:41:16,1750
1591,Upkaar Salvi,23,1930000,2023-10-08 11:58:12,652
1592,Charvi Anne,40,2050000,2023-12-17 12:18:04,582
1593,Eshana Venkataraman,38,2300000,2020-09-27 00:21:43,1758
1594,Chaaya Raman,24,1140000,2020-12-15 19:20:07,1678
1595,Ojasvi Kashyap,64,1370000,2024-07-21 06:11:09,365
1596,Falan Sodhi,65,2100000,2021-04-26 23:21:40,1546
1597,Sanaya Wable,42,880000,2021-12-17 23:39:31,1311
1598,Balveer Thaker,44,1390000,2024-03-24 19:01:45,483
1599,Yauvani Kade,42,530000,2021-09-04 01:45:45,1416
1600,Sai Rana,42,560000,2022-10-11 18:53:36,1013
1601,Advika Bansal,41,880000,2024-07-05 07:01:56,381
1602,Zarna Saxena,31,400000,2024-10-11 03:12:14,283
1603,Harita Basak,42,1310000,2024-08-29 02:57:33,326
1604,Irya Bhasin,36,2450000,2021-08-05 08:55:25,1446
1605,Hitesh Prashad,22,1680000,2025-04-16 12:20:14,96
1606,Pavani Kibe,28,1620000,2021-04-24 17:54:39,1549
1607,Zashil Pall,25,1540000,2022-11-27 21:30:21,966
1608,Eta Merchant,54,480000,2024-12-01 10:22:16,232
1609,Elijah Kala,33,2190000,2024-08-11 17:25:59,344
1610,Vedhika Bakshi,28,1330000,2020-12-05 05:17:20,1689
1611,Anamika Mander,63,460000,2023-08-17 10:58:01,704
1612,Darika Barad,47,1880000,2023-06-27 04:55:09,755
1613,Krishna Naik,27,1450000,2023-02-27 11:43:28,875
1614,Bhavya Rastogi,58,640000,2023-03-22 14:57:24,852
1615,Dalaja Mallick,38,1940000,2024-07-09 08:54:37,377
1616,Gabriel Das,39,1260000,2023-03-14 11:33:20,860
1617,Tanay Baria,54,390000,2024-05-29 14:17:49,418
1618,Hemal Sarin,47,1230000,2022-05-12 21:42:17,1165
1619,Ati Anand,64,640000,2021-09-14 20:35:53,1405
1620,Henry Chaudhari,51,1140000,2021-12-28 10:56:51,1301
1621,Bimala Mittal,32,2260000,2020-08-06 14:01:33,1810
1622,Keya Mannan,35,1220000,2023-02-02 11:54:05,900
1623,Urmi Buch,40,1430000,2022-03-25 23:12:15,1213
1624,Chameli Boase,44,2230000,2020-09-05 14:17:47,1780
1625,Samuel Palla,47,850000,2025-07-09 05:42:22,12
1626,Elijah Sarkar,61,1470000,2025-01-04 03:40:01,198
1627,Warjas Oak,25,2150000,2021-09-29 05:26:09,1391
1628,Jonathan Bala,43,2310000,2021-06-11 04:54:03,1501
1629,Kamala Chowdhury,28,390000,2023-07-28 10:00:45,724
1630,Chaitanya Madan,48,890000,2023-06-19 07:15:33,763
1631,Naveen Ganesh,39,1800000,2022-04-02 04:24:32,1206
1632,Wazir Garde,42,1750000,2025-05-04 02:59:54,78
1633,Fitan Din,46,2110000,2025-03-09 01:16:33,134
1634,Simon Apte,51,320000,2023-12-30 08:03:23,569
1635,Rayaan Shah,23,2490000,2022-07-20 19:09:35,1096
1636,Varenya Bir,59,1630000,2025-06-10 12:31:27,41
1637,Widisha Lalla,42,800000,2024-07-29 04:09:27,357
1638,Yatin Vaidya,60,520000,2024-06-07 08:44:59,409
1639,Pavani Rajan,38,360000,2024-10-14 17:08:15,280
1640,Gautami Nori,41,900000,2022-05-15 18:06:28,1162
1641,Neelima Kumar,50,1220000,2022-10-26 08:32:45,999
1642,Gaurang Rout,31,2140000,2025-03-03 01:30:56,140
1643,Veda Natarajan,57,920000,2023-01-06 03:07:10,927
1644,Aashi Wagle,24,660000,2021-09-27 14:07:34,1393
1645,Gaurav Khatri,58,660000,2025-06-16 21:08:52,34
1646,Libni Kulkarni,58,1940000,2020-08-03 03:48:09,1813
1647,Ucchal Chand,56,1910000,2023-02-04 11:18:42,898
1648,Dalaja Badami,63,750000,2022-07-18 17:00:37,1099
1649,Chandresh Venkataraman,43,490000,2021-11-15 15:46:11,1344
1650,Samuel Deep,46,960000,2021-12-22 19:49:19,1306
1651,Samesh Rao,27,740000,2024-06-20 23:39:33,395
1652,Abha Wagle,23,1910000,2023-07-25 04:30:27,727
1653,Veer Boase,62,2300000,2023-06-15 01:29:15,767
1654,Qadim Nigam,59,1790000,2023-02-19 20:22:33,882
1655,Ishani Bora,37,1680000,2022-02-17 00:34:37,1250
1656,Manya Jani,43,2090000,2020-08-14 13:42:40,1802
1657,Shravya Ghosh,57,720000,2023-11-09 00:44:21,620
1658,Darsh Mutti,30,540000,2023-11-26 00:18:04,603
1659,Chaman Sachdev,34,1410000,2023-10-30 14:00:16,630
1660,Girik Om,62,2220000,2023-11-29 11:18:14,600
1661,Zinal Issac,52,2200000,2025-01-28 16:52:47,174
1662,Ronith Sami,60,1370000,2024-12-20 21:14:19,212
1663,Anjali Chaudhary,36,330000,2025-02-21 07:34:09,150
1664,Amrita Prabhu,53,1220000,2024-03-27 15:43:24,481
1665,David Chakrabarti,29,2170000,2021-05-02 19:55:36,1540
1666,Arin Mani,40,2490000,2024-09-20 21:33:46,303
1667,Varsha Srivastava,54,1890000,2021-04-24 13:17:22,1549
1668,Elijah Ganesan,59,330000,2023-10-07 04:58:02,653
1669,Nimrat Raman,50,1840000,2021-10-01 06:37:01,1389
1670,Alka Chopra,50,500000,2023-04-28 10:54:49,815
1671,Arya Arya,45,640000,2021-04-25 13:28:33,1548
1672,Ekaja Morar,33,2440000,2023-01-01 07:57:27,932
1673,Jagdish Pall,45,1750000,2023-03-11 03:29:40,863
1674,Qadim Deol,54,820000,2023-06-30 12:25:01,752
1675,Banjeet Doctor,63,720000,2021-05-11 03:28:57,1532
1676,Timothy Issac,22,1930000,2023-11-28 04:57:48,601
1677,Leena Deshmukh,58,2320000,2022-06-09 00:46:18,1138
1678,Harini Taneja,33,1740000,2023-08-18 07:20:45,703
1679,Divya Deshpande,34,2310000,2022-09-01 01:35:56,1054
1680,Zarna Kannan,48,1390000,2024-11-26 02:57:49,237
1681,Sachi Kohli,31,370000,2023-12-08 15:03:52,591
1682,Dalaja Suresh,23,470000,2025-05-03 17:21:18,79
1683,Max Sant,24,1540000,2020-11-02 20:45:41,1721
1684,Pratyush Bhattacharyya,46,1140000,2022-07-26 11:17:16,1091
1685,Kamya Bhatnagar,54,670000,2022-10-06 05:30:18,1019
1686,Damini Viswanathan,27,400000,2021-12-11 08:01:31,1318
1687,Pushti Sagar,41,2370000,2023-10-12 07:16:21,648
1688,Rajata Chaudhry,52,1320000,2021-06-13 08:15:00,1499
1689,Kala Sarraf,59,1980000,2023-06-18 13:06:53,764
1690,Onkar Jhaveri,40,1880000,2023-11-04 13:03:40,625
1691,Sanya Saran,28,2230000,2024-09-28 06:22:06,296
1692,Chanakya Barad,60,1190000,2020-09-05 07:38:04,1780
1693,Yutika Memon,49,1660000,2022-01-28 09:30:24,1270
1694,Urvashi Gole,39,1670000,2024-06-14 10:11:32,402
1695,Vihaan Oza,43,2040000,2024-02-15 01:31:56,522
1696,Ekta Sanghvi,51,1470000,2023-07-12 00:49:14,740
1697,Matthew Balay,60,2460000,2023-06-10 08:27:22,772
1698,Laban Purohit,25,480000,2022-03-14 15:50:10,1225
1699,Onveer Sharaf,58,2070000,2024-12-06 06:31:10,227
1700,Keya Desai,25,2230000,2023-01-27 20:51:00,905
1701,Faris Rout,51,1400000,2024-08-29 02:45:34,326
1702,Laban Mistry,26,380000,2024-05-17 03:51:56,430
1703,Rachit Chaudhari,55,1030000,2023-04-13 13:58:07,830
1704,Idika Kunda,31,1320000,2024-12-01 08:01:23,232
1705,Bhanumati Gala,33,970000,2024-04-02 06:22:30,475
1706,Parth Kaur,34,910000,2024-09-30 16:10:52,294
1707,Chaaya Kaur,45,1940000,2020-10-22 07:00:43,1733
1708,Tanvi Rana,44,2360000,2021-12-27 08:04:25,1302
1709,Ethan Ranganathan,38,2430000,2021-11-21 10:32:34,1338
1710,Siddharth Mani,54,1570000,2024-02-02 23:16:13,534
1711,Harish Guha,64,1310000,2021-03-07 08:47:29,1597
1712,Omisha Magar,36,500000,2022-03-24 14:41:04,1215
1713,Mason Dayal,31,2250000,2025-05-30 06:55:28,52
1714,Upkaar Badami,44,1160000,2025-03-26 12:37:46,117
1715,Reyansh Varkey,32,640000,2025-01-17 10:50:24,185
1716,Rudra Sawhney,31,1460000,2024-01-17 14:18:27,551
1717,Kalpit Mangat,32,600000,2020-08-15 23:09:16,1800
1718,Girik Oza,65,2350000,2024-01-23 16:31:29,545
1719,Bishakha Tripathi,23,2190000,2023-11-30 19:52:11,598
1720,Wyatt Nagi,65,1220000,2023-04-20 08:52:39,823
1721,Elijah Padmanabhan,63,2120000,2023-12-21 07:48:51,578
1722,Avni Pingle,39,2180000,2022-01-24 22:19:47,1273
1723,Kiaan Chauhan,45,420000,2023-06-24 12:37:03,758
1724,Varsha Ratti,40,340000,2022-05-04 14:49:48,1174
1725,Lila Balay,65,770000,2023-09-30 02:00:43,660
1726,Chameli Vaidya,64,340000,2021-08-12 11:03:56,1439
1727,Jackson Tata,44,650000,2021-06-28 15:04:43,1484
1728,Veer Talwar,49,1910000,2025-01-16 23:10:18,185
1729,Maanav Mani,64,1610000,2021-07-28 05:40:20,1454
1730,Prisha Garg,40,2380000,2024-11-20 08:34:30,243
1731,Anusha Dhaliwal,27,2340000,2024-09-23 21:54:36,300
1732,Gaurika Badal,53,2190000,2021-01-05 10:50:43,1658
1733,Wazir Sastry,39,400000,2024-05-08 19:18:03,438
1734,Urishilla Ram,25,610000,2023-07-28 11:13:37,724
1735,Ekapad Anand,51,1690000,2024-07-09 14:05:38,377
1736,Ekta Lanka,53,1930000,2020-08-07 19:26:20,1808
1737,Tarak Varty,54,1650000,2022-07-06 08:29:38,1111
1738,Yutika Bora,52,1330000,2020-11-22 10:04:50,1702
1739,Harish Mutti,59,2490000,2021-09-06 10:43:45,1414
1740,Alka Sethi,61,1460000,2021-05-23 22:35:44,1519
1741,Kai Dugar,48,880000,2023-03-22 05:24:01,852
1742,Abeer Mammen,43,670000,2024-06-07 08:22:14,409
1743,Naksh Mohan,42,2480000,2022-09-27 04:42:27,1028
1744,Ganga Murthy,61,1020000,2021-04-17 16:43:31,1556
1745,Ishani Singhal,50,810000,2022-09-13 13:09:16,1042
1746,Meghana Magar,52,340000,2020-11-04 13:37:37,1720
1747,Caleb Setty,65,440000,2021-07-12 10:50:37,1470
1748,Dev Wable,51,340000,2022-01-30 10:09:17,1268
1749,Timothy Thakur,32,780000,2022-03-14 00:38:02,1225
1750,Tara Sen,49,1010000,2025-06-25 19:48:04,25
1751,Chanakya Brar,37,1570000,2025-02-24 13:01:42,147
1752,Tripti Dugar,53,400000,2024-06-12 21:08:59,403
1753,Ansh Khalsa,51,2300000,2024-10-12 19:53:33,281
1754,Aarav Narang,50,2410000,2020-08-16 21:58:55,1799
1755,Edhitha Prakash,42,2360000,2023-09-17 12:01:19,673
1756,Dev Sampath,25,2230000,2025-03-03 05:11:16,140
1757,Hemang Bansal,56,1480000,2021-06-05 11:05:12,1507
1758,Rachit Mittal,24,1840000,2022-11-20 06:24:26,974
1759,Fitan Dutta,35,1560000,2023-12-08 22:45:21,590
1760,Anusha Suri,42,1120000,2025-04-19 21:02:36,92
1761,Harshil Samra,57,1370000,2023-06-03 18:17:05,778
1762,Upkaar Soni,33,380000,2024-10-27 13:12:26,267
1763,Ranveer Golla,33,2120000,2020-12-10 03:41:00,1684
1764,Kamala Anne,47,1480000,2024-08-28 21:00:23,326
1765,Lavanya Uppal,43,600000,2025-06-16 12:44:48,35
1766,Divya Chad,62,2170000,2025-04-06 19:18:29,105
1767,Zarna Kari,41,620000,2023-05-05 11:23:33,808
1768,Abha Date,43,1510000,2020-11-06 09:46:27,1718
1769,Faraj Jani,57,360000,2023-12-01 16:51:39,598
1770,Tamanna Kurian,48,1740000,2020-09-10 19:00:05,1774
1771,Jagrati Pai,60,1790000,2023-09-14 20:28:50,675
1772,Yoshita Ganesan,28,1090000,2024-10-30 15:15:26,264
1773,Indrajit Ahluwalia,35,2380000,2024-10-02 12:17:27,292
1774,Samesh Lall,56,2090000,2024-04-28 21:42:32,448
1775,Anay Vohra,56,1760000,2020-09-05 07:52:44,1780
1776,Suhani Pandey,22,750000,2022-07-09 11:09:25,1108
1777,Nirja Varughese,25,2490000,2022-05-27 19:36:39,1150
1778,Lajita Bera,28,750000,2023-07-03 11:16:08,749
1779,Balveer Panchal,52,2310000,2023-08-09 07:25:21,712
1780,Damini Madan,26,2190000,2020-10-12 06:36:08,1743
1781,Neel Rao,41,1980000,2025-02-27 00:47:40,144
1782,Hemang Sibal,58,1920000,2022-06-16 16:39:17,1131
1783,Gabriel Natarajan,24,2050000,2022-10-17 21:44:08,1007
1784,Suhani Ratta,55,1680000,2022-04-07 10:46:50,1201
1785,Hitesh Shanker,50,2280000,2025-01-07 04:10:09,195
1786,Rayaan Chauhan,29,1070000,2024-09-14 01:32:42,310
1787,Vrinda Kumar,60,1730000,2022-01-31 12:15:26,1267
1788,Pushti Chauhan,52,2340000,2022-04-18 19:01:43,1189
1789,Jeevika Char,51,1140000,2022-09-22 06:14:22,1033
1790,Mahika Palan,40,340000,2021-10-19 20:04:54,1370
1791,Matthew Trivedi,46,390000,2024-11-03 16:06:06,260
1792,Frederick Dani,43,460000,2023-04-15 14:13:21,828
1793,Wahab Vyas,65,430000,2021-05-18 03:13:24,1525
1794,Om Rao,39,2390000,2021-02-06 02:43:32,1626
1795,Jalsa Wali,41,1140000,2025-05-22 05:38:28,60
1796,Yagnesh Grewal,54,1640000,2021-08-25 19:29:51,1425
1797,Qadim Mutti,57,800000,2023-05-11 13:44:28,802
1798,Vritti Chahal,38,1300000,2021-12-01 04:38:25,1328
1799,Kalpit Dubey,28,2060000,2022-08-07 16:03:52,1079
1800,Arin Goswami,36,2490000,2024-05-17 11:59:16,430
1801,Jonathan Bahl,41,2310000,2025-04-17 09:12:24,95
1802,Jackson Samra,65,1550000,2023-01-16 14:16:06,917
1803,Wyatt Mangal,35,860000,2025-06-16 15:44:28,35
1804,Harish Rau,33,1580000,2021-07-16 22:41:02,1465
1805,Upasna Samra,56,470000,2023-04-22 18:40:53,820
1806,Abhiram Goyal,65,1960000,2022-09-14 21:50:37,1040
1807,Aishani Chaudhary,57,1360000,2021-05-18 17:00:44,1525
1808,Bhavika Subramaniam,40,540000,2022-09-03 03:36:13,1052
1809,Abhiram Apte,38,1390000,2025-03-15 18:19:11,127
1810,Rachita Patla,39,2270000,2022-03-31 09:18:15,1208
1811,Chanchal Gupta,41,570000,2022-08-07 09:21:45,1079
1812,Pahal Varkey,42,1620000,2021-06-04 00:31:12,1508
1813,Shravya Amble,52,2110000,2022-12-11 12:14:15,953
1814,Yashasvi Mangal,32,330000,2021-09-19 16:35:13,1401
1815,Rachit Kari,47,2480000,2021-06-22 11:56:13,1490
1816,Vamakshi Borde,24,820000,2021-10-19 05:42:15,1371
1817,Yashoda Wali,63,1700000,2025-07-06 12:10:43,15
1818,Widisha Mukherjee,30,980000,2023-12-24 21:27:03,574
1819,Jagdish Shroff,59,1100000,2021-09-30 14:18:06,1390
1820,Bakhshi Gara,29,1410000,2023-03-21 12:16:18,853
1821,Krisha Bera,60,2490000,2024-08-30 18:23:58,324
1822,Meera Mallick,43,620000,2023-12-02 15:50:02,597
1823,Balveer Manne,63,2230000,2022-04-27 17:31:33,1181
1824,Robert Sura,42,1530000,2021-02-13 11:11:47,1619
1825,Nitara Lall,49,1320000,2024-01-18 05:28:02,550
1826,Rushil Dubey,42,1510000,2025-01-03 13:17:22,199
1827,William Deol,65,2070000,2024-09-19 01:47:47,305
1828,Dhruv Sankar,28,670000,2021-06-24 20:45:19,1487
1829,Omya Sankaran,52,2210000,2024-05-14 23:37:48,432
1830,Ria Mukhopadhyay,29,1430000,2022-09-28 07:31:00,1027
1831,Anita Suresh,63,840000,2025-02-16 01:19:09,155
1832,Hemangini Banerjee,52,1790000,2020-09-29 22:05:56,1755
1833,Arin Khosla,27,380000,2023-12-27 13:32:15,572
1834,Aarnav Gola,54,420000,2023-11-02 05:38:25,627
1835,Parth Shankar,25,1260000,2022-01-22 18:42:00,1275
1836,Girindra Mittal,45,1780000,2023-01-06 06:11:10,927
1837,Onveer Chander,50,1560000,2023-07-13 10:29:06,739
1838,Victor Khanna,44,1330000,2024-03-05 04:49:15,503
1839,Pushti Sharma,32,1000000,2022-08-17 04:05:40,1069
1840,Unnati Sem,48,2020000,2023-07-18 07:52:19,734
1841,Chanakya Biswas,61,2360000,2022-11-05 17:15:10,989
1842,Harini Deshpande,44,570000,2023-12-24 21:21:25,574
1843,Vinaya Naidu,45,470000,2024-06-16 03:22:57,400
1844,Ayush Taneja,23,2430000,2024-05-11 12:34:17,436
1845,Vasana Garde,64,1810000,2024-10-17 16:32:54,277
1846,Ati Arora,48,1780000,2020-09-01 17:08:23,1784
1847,Meghana Mandal,36,1850000,2025-02-26 02:18:29,145
1848,Vinaya Bail,36,310000,2024-01-06 23:33:15,561
1849,Pratyush Kapoor,49,2280000,2024-01-28 19:26:09,539
1850,Darsh Mukhopadhyay,48,1710000,2023-11-29 06:10:47,600
1851,Qadim Wali,55,800000,2022-10-12 01:03:52,1013
1852,Kamya Oza,28,770000,2021-11-19 15:28:04,1340
1853,Vanya Vala,26,750000,2021-03-11 18:42:14,1592
1854,Dayamai Prashad,37,1690000,2023-06-23 23:33:34,758
1855,Kamya Naidu,62,2460000,2024-03-11 22:14:57,496
1856,Vedant Vig,56,2330000,2022-05-28 13:17:20,1150
1857,Nidra Dalal,39,480000,2021-10-19 15:19:32,1371
1858,Veda Mahal,56,1170000,2024-06-28 03:14:25,388
1859,Urmi Parekh,52,840000,2022-01-16 09:40:44,1282
1860,Faqid Bala,54,1310000,2022-09-12 14:56:49,1043
1861,Pahal Nayar,34,1400000,2020-07-28 00:19:34,1819
1862,Yashodhara Mukhopadhyay,47,2020000,2021-01-14 19:07:49,1648
1863,Pushti Dey,38,1790000,2023-09-25 07:02:07,665
1864,Samar Bhattacharyya,65,350000,2021-06-01 06:53:20,1511
1865,Advika Dhawan,49,2020000,2022-08-23 13:43:37,1063
1866,Nachiket Swaminathan,31,310000,2024-08-19 12:26:21,336
1867,Oliver Toor,31,560000,2020-09-02 22:04:59,1782
1868,Azaan Handa,38,810000,2023-02-07 23:52:11,894
1869,Zansi Sachar,46,1480000,2023-06-20 13:55:06,762
1870,Bimala Nadig,43,450000,2025-03-29 12:08:54,114
1871,Bhanumati Pingle,59,1050000,2023-08-12 04:40:02,709
1872,Vritti Randhawa,48,2040000,2024-08-13 09:11:55,342
1873,Girish Thakur,58,2470000,2023-11-02 05:03:45,627
1874,Qasim Taneja,60,1230000,2022-11-26 00:11:31,968
1875,Frado Chaudhry,65,460000,2022-02-22 13:40:25,1245
1876,Caleb Dhingra,58,1500000,2021-04-17 15:02:20,1556
1877,Rachit Dhar,29,1920000,2023-05-14 23:16:28,798
1878,Amrita Singhal,47,2480000,2023-03-10 15:57:49,864
1879,Indali Dar,64,2370000,2023-07-01 01:19:16,751
1880,Yadavi Raghavan,53,660000,2024-08-29 11:02:03,326
1881,Rachita Shah,37,1170000,2022-11-28 05:33:01,966
1882,Finn Dugal,46,680000,2024-10-22 04:32:52,272
1883,Aarini Bansal,26,1460000,2022-10-12 15:15:47,1013
1884,Matthew Bedi,26,1090000,2023-11-09 17:00:58,620
1885,Manthan Nagy,40,630000,2023-10-26 17:35:13,634
1886,Bhavna Vala,40,1630000,2022-11-07 00:43:43,987
1887,Shaurya Chaudry,52,2080000,2022-05-05 05:50:11,1173
1888,Sachi Soman,62,1840000,2022-08-02 12:35:55,1084
1889,Warinder Sarraf,51,540000,2025-02-25 22:48:39,145
1890,Udant Shukla,32,2160000,2022-11-27 22:06:35,966
1891,Brinda Chatterjee,47,690000,2021-12-16 04:05:51,1313
1892,Ucchal Muni,25,1480000,2021-12-18 04:40:38,1311
1893,Ladli Johal,64,2010000,2021-03-11 12:35:33,1593
1894,Ekavir Prakash,34,2050000,2024-06-10 13:03:41,406
1895,Rushil Khatri,32,390000,2024-05-01 13:31:26,446
1896,Nitesh Nigam,56,720000,2023-04-07 07:22:57,836
1897,Barkha Verma,30,1950000,2021-08-16 20:40:32,1434
1898,Manan Ganguly,55,640000,2025-03-07 13:34:18,136
1899,Osha Kant,58,2490000,2024-12-13 22:14:13,219
1900,Anusha Mutti,42,970000,2024-03-08 20:49:13,499
1901,Bakhshi Kothari,29,580000,2022-08-21 01:09:39,1065
1902,Anay Parikh,35,1710000,2024-02-25 11:11:25,512
1903,Chavvi Narang,46,950000,2024-01-13 20:41:33,554
1904,George Bera,44,1040000,2021-03-19 11:15:15,1585
1905,Jagat Sampath,64,1150000,2024-03-14 01:49:08,494
1906,Vincent Bajaj,49,2230000,2024-03-13 22:45:13,494
1907,Aadhya Shroff,24,2320000,2022-04-30 15:55:24,1178
1908,Jagrati Ganguly,55,2250000,2025-01-19 14:03:43,183
1909,Harrison Shetty,30,520000,2023-06-21 16:58:16,761
1910,Sai Bava,37,500000,2020-10-29 11:54:58,1726
1911,Dominic Salvi,49,1620000,2023-04-01 18:56:23,841
1912,Samarth Rout,55,620000,2023-02-10 20:41:29,891
1913,Aradhana Bansal,42,2200000,2022-11-10 21:28:33,983
1914,Pranit Varty,49,590000,2021-01-05 10:29:50,1658
1915,Damyanti Tiwari,27,1310000,2022-10-04 22:53:58,1020
1916,Darika Ganesh,50,750000,2025-03-07 00:58:25,136
1917,Samarth Bakshi,25,2470000,2023-06-28 23:40:17,753
1918,Harinakshi Savant,63,1050000,2024-09-27 02:55:27,297
1919,Aryan Narayan,27,2410000,2024-01-26 10:12:25,542
1920,Sachi Goel,57,1190000,2025-04-12 20:41:31,99
1921,Triveni Chakrabarti,42,1880000,2024-09-18 13:34:40,306
1922,Inaya Memon,42,890000,2024-02-23 04:57:46,514
1923,Gauri Prashad,51,2210000,2020-11-20 17:15:15,1704
1924,Girish Gera,33,350000,2020-09-11 20:42:54,1773
1925,Unni Behl,36,1510000,2023-02-04 21:48:40,897
1926,Saanvi Ghosh,65,600000,2022-06-07 11:58:36,1140
1927,Neel Baria,26,910000,2024-06-28 12:40:01,388
1928,Balendra Padmanabhan,36,1210000,2024-01-29 14:36:56,539
1929,Jack Kanda,56,1370000,2020-10-24 13:33:31,1731
1930,Chasmum Krishna,62,820000,2024-08-13 20:58:05,341
1931,Yashoda Gola,28,820000,2024-10-15 01:04:29,279
1932,Prisha Golla,27,1030000,2023-04-01 20:25:34,841
1933,Gautam Virk,50,2060000,2020-12-29 23:18:00,1664
1934,Elijah Narula,49,2140000,2020-12-17 01:08:25,1677
1935,Falan Shankar,31,2460000,2020-10-02 13:30:27,1753
1936,Lopa Singh,28,310000,2022-08-01 20:30:35,1084
1937,Jeevika Yohannan,27,1150000,2020-08-12 21:48:03,1803
1938,Faraj Verma,34,630000,2025-06-01 04:02:27,50
1939,Vrishti Kohli,58,2280000,2024-01-10 23:31:08,557
1940,Vanya Borra,32,1170000,2023-11-17 20:42:35,611
1941,Vihaan Sani,48,670000,2024-06-05 21:02:50,410
1942,Harshil Sandhu,33,1310000,2022-09-22 15:56:30,1033
1943,Gauri Agarwal,45,420000,2024-09-28 06:06:25,296
1944,Nidhi Raj,48,1370000,2021-04-06 15:24:30,1567
1945,Aditya Dasgupta,32,1730000,2022-09-16 21:52:19,1038
1946,Chaaya Oommen,30,1160000,2023-09-10 22:28:47,679
1947,Pranav Rege,52,2190000,2024-12-16 08:28:01,217
1948,Darpan Sangha,36,1670000,2024-08-06 10:37:12,349
1949,Anya Kalita,50,1950000,2023-07-26 18:10:53,725
1950,Caleb Ravi,45,1140000,2024-11-14 16:01:52,249
1951,Panini Venkatesh,61,1170000,2021-11-16 23:32:08,1342
1952,Aarnav Nagar,65,1690000,2021-10-30 02:31:54,1360
1953,Onveer Verma,29,1800000,2020-10-02 03:06:56,1753
1954,Ethan Joshi,30,670000,2021-03-12 21:47:20,1591
1955,Udarsh Warrior,61,370000,2021-07-28 08:07:14,1454
1956,Amara Bail,22,1560000,2020-10-24 08:22:56,1731
1957,Wyatt Gola,53,2190000,2024-04-18 18:02:16,458
1958,Yagnesh Dhawan,63,1570000,2025-03-02 13:05:10,141
1959,Saanvi Dass,61,1720000,2023-03-04 02:40:58,870
1960,Nandini Dhaliwal,64,2200000,2022-06-24 19:28:31,1122
1961,Chakrika Sinha,54,1260000,2021-05-16 01:22:22,1527
1962,Vansha Sane,42,310000,2022-12-23 06:03:48,941
1963,Zayan Pant,39,1430000,2023-10-14 02:42:32,646
1964,Wishi Bail,24,340000,2024-03-21 23:43:48,486
1965,Gopal Som,29,1560000,2024-05-11 12:54:16,436
1966,Dayamai Bail,51,2020000,2021-09-22 20:24:16,1397
1967,Pavani Kamdar,30,940000,2023-03-04 00:31:17,870
1968,Yachana Toor,31,2140000,2022-08-27 11:03:47,1059
1969,Praneel Vasa,61,350000,2023-08-05 02:29:14,716
1970,Vrishti Pradhan,34,2480000,2021-01-06 19:01:02,1656
1971,Bhavani Venkatesh,29,2370000,2023-11-24 07:08:36,605
1972,Qadim Dhar,23,340000,2023-10-25 03:38:46,635
1973,Devansh Mall,46,2270000,2021-11-14 22:06:49,1344
1974,Yug Chawla,22,970000,2020-09-25 13:01:16,1760
1975,Qabil Tank,57,1480000,2024-12-03 14:39:43,230
1976,Idika Mital,32,1040000,2020-11-19 09:49:09,1705
1977,Vritti Mannan,23,2050000,2024-06-06 13:18:41,410
1978,Yash Mall,52,480000,2023-07-28 03:31:50,724
1979,Oni Dhar,51,900000,2025-04-03 08:22:17,109
1980,Orinder Venkatesh,28,1230000,2023-11-15 03:15:58,614
1981,Anvi Kala,23,1350000,2021-01-16 22:06:47,1646
1982,Sarthak Khanna,23,1700000,2024-06-10 16:47:37,406
1983,Yochana Vohra,50,1420000,2021-05-16 00:49:01,1527
1984,Krishna Kohli,37,530000,2021-05-25 01:06:46,1518
1985,Niharika Shukla,55,2170000,2024-03-25 06:57:39,483
1986,Upasna Sama,24,2340000,2023-03-04 20:35:11,869
1987,Nikita Bala,25,740000,2021-12-21 13:52:02,1308
1988,Aishani Seshadri,64,940000,2022-09-04 19:00:09,1050
1989,Reva Randhawa,50,640000,2023-04-29 16:01:32,814
1990,Omkaar Anne,50,2380000,2020-10-09 23:19:25,1745
1991,Praneel Palan,24,1020000,2023-04-03 16:04:11,840
1992,Ekavir Bhagat,28,970000,2022-02-11 05:35:54,1256
1993,Gayathri Jain,64,2070000,2023-09-12 08:00:07,678
1994,Raksha Thaker,49,1130000,2023-07-19 12:01:40,733
1995,Ekalinga De,45,1020000,2021-03-03 18:38:48,1600
1996,Idika Badal,36,1480000,2022-02-24 13:00:10,1243
1997,Ayush Munshi,45,650000,2023-05-11 18:18:34,801
1998,Vrinda Rege,37,2040000,2020-11-19 04:42:09,1705
1999,Abdul Vora,64,1860000,2024-08-05 06:25:49,350
2000,Pranit Krishnan,25,2180000,2024-01-17 12:48:11,551
