transaction_id,customer_id,product_name,transaction_date
24602,1130,Stock Trading Account,2020-07-24 05:18:31
27747,1130,Mutual Funds,2020-07-24 18:25:28
22700,1300,Mutual Funds,2020-08-19 08:32:50
25931,1143,Stock Trading Account,2020-08-28 20:42:52
25342,1754,Stock Trading Account,2020-08-30 21:01:01
21290,1330,Stock Trading Account,2020-09-04 07:23:26
22369,1452,Mutual Funds,2020-09-10 07:17:08
27709,1105,Stock Trading Account,2020-09-13 20:58:36
21447,1032,Mutual Funds,2020-09-14 17:18:10
25261,1251,Stock Trading Account,2020-09-16 21:44:51
21169,1692,Mutual Funds,2020-09-21 10:35:05
24065,1435,Mutual Funds,2020-09-27 01:34:32
20170,1259,Stock Trading Account,2020-10-07 02:56:28
28008,1624,Mutual Funds,2020-10-11 02:15:49
27711,1241,Mutual Funds,2020-10-15 09:15:46
23520,1446,Stock Trading Account,2020-10-18 08:12:02
22424,1151,Mutual Funds,2020-10-24 04:35:56
20335,1396,Mutual Funds,2020-10-24 08:18:49
21266,1846,Mutual Funds,2020-10-27 01:05:39
25198,1621,Stock Trading Account,2020-10-28 03:15:05
22298,1421,Mutual Funds,2020-10-29 17:00:39
23201,1562,Mutual Funds,2020-11-01 00:33:45
27292,1318,Stock Trading Account,2020-11-04 16:13:52
27702,1534,Mutual Funds,2020-11-13 20:03:52
26505,1053,Stock Trading Account,2020-11-15 19:43:53
25377,1431,Mutual Funds,2020-11-19 09:24:55
24535,1526,Stock Trading Account,2020-11-24 05:27:23
24236,1707,Stock Trading Account,2020-11-29 08:43:39
24359,1738,Stock Trading Account,2020-12-02 11:07:36
25480,1929,Mutual Funds,2020-12-11 09:42:25
23720,1935,Stock Trading Account,2020-12-11 18:52:29
26411,1974,Stock Trading Account,2020-12-14 22:10:35
21784,1707,Mutual Funds,2020-12-16 15:12:14
25365,1656,Stock Trading Account,2020-12-17 12:01:44
23965,1300,Stock Trading Account,2020-12-26 02:48:06
20941,1216,Stock Trading Account,2020-12-28 21:33:52
22238,1646,Stock Trading Account,2020-12-30 12:19:52
23364,1307,Stock Trading Account,2020-12-30 14:00:07
20577,1933,Stock Trading Account,2021-01-01 09:24:21
27561,1333,Stock Trading Account,2021-01-09 11:21:37
23307,1022,Stock Trading Account,2021-01-23 14:48:30
21348,1087,Mutual Funds,2021-01-31 18:07:28
26944,1746,Mutual Funds,2021-02-04 17:25:57
25201,1780,Stock Trading Account,2021-02-05 07:00:26
25620,1321,Mutual Funds,2021-02-13 04:50:04
21006,1110,Stock Trading Account,2021-02-13 12:10:28
25659,1079,Stock Trading Account,2021-02-21 07:10:35
20377,1162,Mutual Funds,2021-03-02 18:17:09
21525,1775,Stock Trading Account,2021-03-03 18:52:57
27107,1391,Mutual Funds,2021-03-07 04:05:03
23746,1532,Stock Trading Account,2021-03-07 10:04:39
21280,1593,Stock Trading Account,2021-03-07 17:54:53
27503,1746,Stock Trading Account,2021-03-08 17:33:22
25658,1079,Mutual Funds,2021-03-21 15:23:48
23058,1593,Mutual Funds,2021-03-29 06:56:15
21953,1447,Stock Trading Account,2021-03-29 13:11:04
28060,1717,Stock Trading Account,2021-03-31 11:32:52
24716,1184,Mutual Funds,2021-04-04 12:57:51
23562,1522,Mutual Funds,2021-04-06 03:04:02
20521,1396,Stock Trading Account,2021-04-06 03:40:08
28025,1794,Mutual Funds,2021-04-07 21:44:38
22432,1040,Stock Trading Account,2021-04-09 06:30:06
20348,1585,Stock Trading Account,2021-04-10 00:17:28
21912,1775,Mutual Funds,2021-04-11 12:23:49
27970,1188,Mutual Funds,2021-04-11 21:07:48
21098,1990,Mutual Funds,2021-04-13 01:59:14
20719,1481,Stock Trading Account,2021-04-16 08:55:58
22094,1862,Stock Trading Account,2021-04-17 07:46:26
25380,1974,Mutual Funds,2021-04-19 07:06:08
26217,1914,Stock Trading Account,2021-04-21 02:45:45
21024,1924,Mutual Funds,2021-04-21 16:13:40
21370,1368,Stock Trading Account,2021-04-24 21:32:12
22821,1770,Stock Trading Account,2021-04-30 14:46:22
27802,1744,Mutual Funds,2021-05-02 18:28:41
20166,1120,Mutual Funds,2021-05-03 01:52:35
28080,1484,Mutual Funds,2021-05-05 09:48:49
26733,1587,Mutual Funds,2021-05-05 11:13:22
20598,1929,Stock Trading Account,2021-05-07 17:49:12
24714,1184,Stock Trading Account,2021-05-08 03:53:48
23177,1302,Stock Trading Account,2021-05-09 14:17:06
24649,1215,Mutual Funds,2021-05-10 21:14:19
21595,1876,Stock Trading Account,2021-05-14 17:22:22
21471,1583,Stock Trading Account,2021-05-14 17:39:15
21202,1481,Mutual Funds,2021-05-15 05:34:32
21057,1594,Stock Trading Account,2021-05-17 19:03:38
25746,1559,Mutual Funds,2021-05-18 06:12:01
24904,1995,Stock Trading Account,2021-05-19 15:26:32
22356,1572,Mutual Funds,2021-05-21 08:06:56
25673,1059,Stock Trading Account,2021-05-21 10:00:55
24323,1070,Mutual Funds,2021-05-22 02:47:15
21190,1414,Stock Trading Account,2021-05-23 08:45:06
26503,1053,Mutual Funds,2021-05-23 14:15:07
23447,1179,Stock Trading Account,2021-05-27 14:31:33
26101,1512,Stock Trading Account,2021-05-30 00:33:36
20017,1970,Fixed Deposit,2021-05-30 10:00:33
23497,1981,Stock Trading Account,2021-06-04 17:58:54
23228,1097,Mutual Funds,2021-06-06 05:11:21
25148,1981,Mutual Funds,2021-06-06 05:34:17
21396,1876,Mutual Funds,2021-06-06 08:01:27
26714,1249,Mutual Funds,2021-06-06 14:16:04
21490,1582,Mutual Funds,2021-06-11 21:41:49
25394,1115,Mutual Funds,2021-06-20 00:08:26
27708,1105,Mutual Funds,2021-06-20 20:21:25
21099,1990,Stock Trading Account,2021-06-21 05:02:48
25270,1807,Stock Trading Account,2021-06-24 06:47:22
27609,1169,Stock Trading Account,2021-06-24 21:31:59
27069,1744,Stock Trading Account,2021-06-26 00:37:32
23345,1628,Stock Trading Account,2021-06-26 05:23:10
25641,1291,Mutual Funds,2021-06-28 09:21:37
25284,1512,Mutual Funds,2021-07-03 01:27:37
24440,1572,Stock Trading Account,2021-07-04 03:43:47
22689,1435,Stock Trading Account,2021-07-06 19:20:10
21265,1330,Mutual Funds,2021-07-08 01:37:27
22240,1646,Mutual Funds,2021-07-08 21:17:00
25691,1422,Stock Trading Account,2021-07-11 11:26:25
22992,1747,Stock Trading Account,2021-07-13 16:47:09
25670,1059,Mutual Funds,2021-07-14 11:02:19
20436,1115,Stock Trading Account,2021-07-18 10:10:39
23888,1740,Stock Trading Account,2021-07-26 06:26:12
24978,1311,Stock Trading Account,2021-07-28 13:34:17
20514,1251,Mutual Funds,2021-07-29 08:58:28
20755,1153,Stock Trading Account,2021-07-29 22:02:48
26910,1520,Mutual Funds,2021-08-01 22:59:03
27727,1318,Mutual Funds,2021-08-02 07:25:49
22289,1574,Stock Trading Account,2021-08-02 18:40:30
24587,1243,Mutual Funds,2021-08-04 15:50:47
20901,1303,Mutual Funds,2021-08-07 13:53:13
20997,1368,Mutual Funds,2021-08-08 18:29:50
27741,1329,Mutual Funds,2021-08-10 17:25:14
22054,1201,Stock Trading Account,2021-08-10 19:18:45
24639,1249,Stock Trading Account,2021-08-11 18:34:20
23781,1404,Stock Trading Account,2021-08-14 21:05:51
26798,1998,Stock Trading Account,2021-08-18 11:17:04
20015,1970,Savings Account,2021-08-18 20:05:47
24976,1311,Mutual Funds,2021-08-21 02:28:05
26104,1757,Mutual Funds,2021-08-21 21:17:21
26800,1998,Mutual Funds,2021-08-25 07:23:55
24040,1995,Mutual Funds,2021-08-29 06:51:00
23368,1828,Mutual Funds,2021-08-29 14:21:54
27083,1953,Stock Trading Account,2021-08-30 23:42:56
23419,1590,Stock Trading Account,2021-08-31 17:08:44
25117,1867,Mutual Funds,2021-09-01 03:44:24
20013,1954,Home Loan,2021-09-01 18:49:00
21568,1794,Stock Trading Account,2021-09-05 00:09:39
21002,1110,Mutual Funds,2021-09-05 04:49:06
27940,1585,Mutual Funds,2021-09-07 11:36:57
21962,1284,Stock Trading Account,2021-09-07 17:37:17
21671,1914,Mutual Funds,2021-09-09 06:07:16
26611,1040,Mutual Funds,2021-09-10 13:58:38
25266,1394,Stock Trading Account,2021-09-12 00:18:20
25046,1057,Mutual Funds,2021-09-12 01:49:46
24871,1983,Mutual Funds,2021-09-12 14:02:24
27421,1893,Stock Trading Account,2021-09-12 14:09:42
25229,1520,Stock Trading Account,2021-09-12 21:06:20
20343,1273,Mutual Funds,2021-09-16 06:26:20
26069,1078,Stock Trading Account,2021-09-17 23:47:05
21251,1333,Mutual Funds,2021-09-18 18:03:26
23742,1804,Mutual Funds,2021-09-20 09:15:27
21885,1433,Mutual Funds,2021-09-26 10:05:23
24513,1243,Stock Trading Account,2021-09-26 13:02:26
21536,1359,Stock Trading Account,2021-09-26 23:40:54
24729,1961,Stock Trading Account,2021-09-30 02:18:39
27895,1114,Mutual Funds,2021-09-30 03:08:24
23790,1404,Mutual Funds,2021-10-02 08:19:27
27238,1853,Stock Trading Account,2021-10-02 15:02:15
25988,1819,Stock Trading Account,2021-10-04 01:33:13
20068,1392,Stock Trading Account,2021-10-06 02:58:25
20150,1140,Stock Trading Account,2021-10-08 04:21:05
22735,1583,Mutual Funds,2021-10-10 02:19:56
26616,1078,Mutual Funds,2021-10-10 08:29:46
25867,1038,Mutual Funds,2021-10-11 06:04:23
23159,1158,Stock Trading Account,2021-10-12 01:48:26
27577,1452,Stock Trading Account,2021-10-15 07:09:56
20895,1024,Mutual Funds,2021-10-15 13:08:25
25327,1736,Stock Trading Account,2021-10-18 08:50:01
24594,1793,Stock Trading Account,2021-10-18 14:49:13
21101,1955,Mutual Funds,2021-10-19 04:24:58
22190,1857,Mutual Funds,2021-10-20 08:40:20
26355,1357,Mutual Funds,2021-10-20 13:21:05
27459,1376,Stock Trading Account,2021-10-26 02:53:24
23299,1471,Mutual Funds,2021-10-28 02:55:34
25904,1299,Stock Trading Account,2021-10-29 23:06:47
20139,1314,Mutual Funds,2021-10-31 03:47:49
20173,1644,Mutual Funds,2021-11-02 11:00:20
27414,1952,Stock Trading Account,2021-11-03 02:15:24
27274,1627,Mutual Funds,2021-11-04 08:14:09
25097,1440,Stock Trading Account,2021-11-10 06:05:56
20104,1897,Mutual Funds,2021-11-11 19:22:58
25933,1143,Mutual Funds,2021-11-15 01:33:42
20041,1876,Personal Loan,2021-11-16 23:29:56
25634,1414,Mutual Funds,2021-11-17 12:36:20
24992,1043,Mutual Funds,2021-11-18 02:31:29
23121,1754,Mutual Funds,2021-11-21 16:09:47
24102,1339,Mutual Funds,2021-11-21 23:22:06
21938,1352,Stock Trading Account,2021-11-25 22:25:20
20507,1828,Stock Trading Account,2021-11-30 05:20:18
26306,1561,Stock Trading Account,2021-11-30 14:07:46
28078,1973,Mutual Funds,2021-12-01 22:25:07
21824,1594,Mutual Funds,2021-12-04 18:09:43
20972,1015,Mutual Funds,2021-12-05 04:30:30
22513,1804,Stock Trading Account,2021-12-05 17:57:47
22715,1621,Mutual Funds,2021-12-08 22:40:09
23308,1022,Mutual Funds,2021-12-09 15:20:03
27529,1195,Mutual Funds,2021-12-09 17:50:22
23750,1532,Mutual Funds,2021-12-09 21:52:25
22340,1966,Stock Trading Account,2021-12-11 15:59:15
28074,1057,Stock Trading Account,2021-12-11 22:33:29
27583,1627,Stock Trading Account,2021-12-14 03:30:52
26701,1807,Mutual Funds,2021-12-14 20:52:21
25155,1258,Mutual Funds,2021-12-17 06:36:37
22212,1709,Mutual Funds,2021-12-18 12:21:48
20640,1790,Stock Trading Account,2021-12-23 07:41:20
27997,1485,Mutual Funds,2021-12-23 22:48:30
25806,1328,Mutual Funds,2021-12-24 22:47:57
21154,1599,Stock Trading Account,2021-12-25 09:48:27
24166,1578,Mutual Funds,2021-12-25 11:34:25
20432,1729,Stock Trading Account,2021-12-25 22:41:51
26369,1149,Stock Trading Account,2021-12-27 09:24:45
23593,1120,Stock Trading Account,2021-12-28 22:28:39
22593,1599,Mutual Funds,2022-01-01 08:38:22
26197,1088,Stock Trading Account,2022-01-02 00:35:25
23711,1951,Mutual Funds,2022-01-03 04:34:18
20294,1747,Mutual Funds,2022-01-03 23:46:38
22236,1649,Mutual Funds,2022-01-04 17:24:25
23838,1815,Stock Trading Account,2022-01-05 06:09:37
20693,1798,Mutual Funds,2022-01-05 11:03:52
20071,1392,Mutual Funds,2022-01-09 21:37:33
26832,1432,Mutual Funds,2022-01-10 06:20:03
22028,1510,Mutual Funds,2022-01-12 08:52:49
26547,1954,Mutual Funds,2022-01-13 02:07:22
26900,1038,Stock Trading Account,2022-01-14 02:44:56
21349,1087,Stock Trading Account,2022-01-16 04:11:01
27420,1893,Mutual Funds,2022-01-16 04:27:02
27128,1194,Mutual Funds,2022-01-19 09:12:06
23001,1454,Stock Trading Account,2022-01-19 09:28:05
24818,1650,Mutual Funds,2022-01-24 00:09:58
22364,1247,Stock Trading Account,2022-01-25 12:24:50
26253,1147,Mutual Funds,2022-01-25 18:31:52
26356,1357,Stock Trading Account,2022-01-26 05:29:54
21240,1708,Mutual Funds,2022-01-26 22:59:58
22297,1421,Stock Trading Account,2022-01-27 13:16:16
25990,1819,Mutual Funds,2022-01-31 19:28:45
25723,1987,Stock Trading Account,2022-02-01 04:32:58
21930,1597,Stock Trading Account,2022-02-01 22:40:05
20046,1256,Mutual Funds,2022-02-03 09:40:18
20121,1230,Stock Trading Account,2022-02-03 17:39:06
27130,1194,Stock Trading Account,2022-02-05 15:50:20
24110,1144,Stock Trading Account,2022-02-08 11:51:53
20557,1133,Stock Trading Account,2022-02-09 05:00:51
23186,1100,Stock Trading Account,2022-02-09 06:13:04
24419,1358,Mutual Funds,2022-02-10 17:56:03
22887,1162,Stock Trading Account,2022-02-10 17:59:28
27976,1892,Stock Trading Account,2022-02-12 04:09:00
26905,1431,Stock Trading Account,2022-02-13 17:53:23
22909,1620,Stock Trading Account,2022-02-16 14:01:28
24286,1201,Mutual Funds,2022-02-16 20:23:48
24634,1275,Mutual Funds,2022-02-18 18:03:49
27942,1683,Stock Trading Account,2022-02-19 08:12:34
27878,1233,Mutual Funds,2022-02-21 03:52:47
25224,1288,Mutual Funds,2022-02-24 17:56:17
27460,1376,Mutual Funds,2022-02-26 00:59:00
20756,1153,Mutual Funds,2022-02-28 21:41:19
27825,1669,Stock Trading Account,2022-03-01 08:35:29
26775,1875,Stock Trading Account,2022-03-02 22:10:25
23610,1984,Stock Trading Account,2022-03-04 11:15:28
20805,1437,Mutual Funds,2022-03-08 13:49:36
23808,1147,Stock Trading Account,2022-03-09 06:09:33
23387,1323,Stock Trading Account,2022-03-12 20:31:25
27173,1389,Stock Trading Account,2022-03-13 20:27:06
24450,1350,Stock Trading Account,2022-03-15 02:55:42
26423,1309,Mutual Funds,2022-03-16 22:08:46
20716,1294,Mutual Funds,2022-03-17 02:53:45
20776,1952,Mutual Funds,2022-03-17 04:28:35
21094,1345,Stock Trading Account,2022-03-18 02:45:55
21179,1739,Mutual Funds,2022-03-18 08:55:46
28046,1327,Stock Trading Account,2022-03-19 16:53:01
22586,1100,Mutual Funds,2022-03-20 14:58:00
26363,1749,Mutual Funds,2022-03-25 11:07:30
20471,1225,Mutual Funds,2022-03-27 07:19:51
27446,1430,Mutual Funds,2022-03-27 11:07:38
25745,1559,Stock Trading Account,2022-03-27 17:41:53
27544,1859,Mutual Funds,2022-03-28 14:05:30
22705,1444,Mutual Funds,2022-03-30 21:22:39
20945,1501,Mutual Funds,2022-03-30 21:37:58
21603,1107,Mutual Funds,2022-03-31 06:43:50
24444,1563,Stock Trading Account,2022-03-31 20:11:32
21109,1107,Stock Trading Account,2022-03-31 22:45:14
27284,1951,Stock Trading Account,2022-04-02 04:43:49
23502,1857,Stock Trading Account,2022-04-06 23:37:10
22779,1177,Mutual Funds,2022-04-07 01:03:36
26159,1133,Mutual Funds,2022-04-07 13:42:49
23878,1537,Stock Trading Account,2022-04-08 16:44:53
20795,1693,Mutual Funds,2022-04-09 06:59:16
24665,1428,Mutual Funds,2022-04-10 09:12:12
21460,1292,Stock Trading Account,2022-04-13 14:55:33
26548,1049,Mutual Funds,2022-04-15 20:58:58
25819,1671,Stock Trading Account,2022-04-16 15:31:25
23297,1471,Stock Trading Account,2022-04-19 06:14:32
23178,1302,Mutual Funds,2022-04-19 08:27:12
27978,1892,Mutual Funds,2022-04-21 04:21:32
22467,1454,Mutual Funds,2022-04-21 20:11:37
22105,1517,Mutual Funds,2022-04-21 22:13:09
24375,1225,Stock Trading Account,2022-04-23 02:24:53
28041,1984,Mutual Funds,2022-04-25 21:50:28
27501,1367,Mutual Funds,2022-04-26 01:01:12
24944,1669,Mutual Funds,2022-04-26 07:09:10
20198,1443,Mutual Funds,2022-04-27 08:35:39
25225,1288,Stock Trading Account,2022-04-27 11:05:25
24568,1294,Stock Trading Account,2022-04-28 13:31:17
27962,1935,Mutual Funds,2022-04-29 19:44:33
27972,1188,Stock Trading Account,2022-04-30 10:30:54
25427,1708,Stock Trading Account,2022-05-02 01:08:33
20233,1359,Mutual Funds,2022-05-02 02:41:58
25274,1738,Mutual Funds,2022-05-03 22:13:59
23390,1823,Stock Trading Account,2022-05-05 17:19:54
24176,1054,Stock Trading Account,2022-05-05 22:10:39
21336,1150,Mutual Funds,2022-05-06 21:42:03
22027,1510,Stock Trading Account,2022-05-08 10:20:17
25055,1996,Stock Trading Account,2022-05-08 10:21:57
27836,1358,Stock Trading Account,2022-05-08 23:58:08
27931,1068,Mutual Funds,2022-05-09 00:52:24
20012,1444,Credit Card,2022-05-09 17:18:57
25278,1430,Stock Trading Account,2022-05-10 10:37:11
26293,1146,Stock Trading Account,2022-05-10 17:18:58
21345,1810,Stock Trading Account,2022-05-11 00:39:18
22062,1547,Mutual Funds,2022-05-11 17:49:14
27908,1447,Mutual Funds,2022-05-13 10:30:35
24291,1644,Stock Trading Account,2022-05-14 15:57:45
24119,1124,Stock Trading Account,2022-05-14 16:39:57
20313,1422,Mutual Funds,2022-05-14 18:59:35
21821,1124,Mutual Funds,2022-05-15 01:29:50
23483,1235,Mutual Funds,2022-05-15 05:06:31
21951,1517,Stock Trading Account,2022-05-17 12:24:43
27805,1328,Stock Trading Account,2022-05-19 15:45:56
22085,1070,Stock Trading Account,2022-05-21 02:31:57
25561,1824,Mutual Funds,2022-05-22 06:41:29
21582,1539,Stock Trading Account,2022-05-22 23:20:31
22044,1403,Stock Trading Account,2022-05-27 13:37:07
23353,1816,Stock Trading Account,2022-05-29 05:29:35
20398,1028,Mutual Funds,2022-05-29 09:27:44
22269,1722,Stock Trading Account,2022-05-30 22:56:50
20602,1709,Stock Trading Account,2022-05-31 12:38:56
27828,1086,Mutual Funds,2022-05-31 15:23:34
22478,1732,Mutual Funds,2022-06-02 13:22:18
26725,1411,Mutual Funds,2022-06-02 17:59:00
21065,1219,Mutual Funds,2022-06-03 18:06:08
23698,1810,Mutual Funds,2022-06-04 06:26:46
23438,1446,Mutual Funds,2022-06-05 15:25:21
22983,1640,Mutual Funds,2022-06-06 22:06:19
27716,1570,Stock Trading Account,2022-06-07 01:04:51
22237,1649,Stock Trading Account,2022-06-07 13:08:35
24884,1102,Stock Trading Account,2022-06-08 18:40:56
22494,1245,Mutual Funds,2022-06-09 15:40:26
27749,1711,Mutual Funds,2022-06-09 22:17:48
24628,1757,Stock Trading Account,2022-06-11 21:11:19
21945,1419,Mutual Funds,2022-06-14 05:23:57
24541,1726,Mutual Funds,2022-06-14 13:15:14
26893,1618,Stock Trading Account,2022-06-14 20:33:45
25573,1312,Stock Trading Account,2022-06-15 21:44:43
24404,1740,Mutual Funds,2022-06-16 05:07:36
25417,1631,Stock Trading Account,2022-06-16 21:27:00
20998,1816,Mutual Funds,2022-06-18 01:18:38
25518,1003,Mutual Funds,2022-06-19 01:47:40
27694,1463,Mutual Funds,2022-06-19 06:24:53
21062,1814,Stock Trading Account,2022-06-19 17:01:00
24527,1383,Stock Trading Account,2022-06-20 19:32:42
21747,1506,Stock Trading Account,2022-06-21 07:16:43
20088,1275,Stock Trading Account,2022-06-21 16:02:42
25110,1171,Stock Trading Account,2022-06-21 19:06:16
26546,1787,Mutual Funds,2022-06-22 07:50:31
22756,1853,Mutual Funds,2022-06-25 03:04:06
23485,1235,Stock Trading Account,2022-06-27 17:30:32
27324,1150,Stock Trading Account,2022-06-27 19:31:06
26519,1763,Stock Trading Account,2022-06-28 03:37:16
26688,1712,Stock Trading Account,2022-06-30 10:03:06
25336,1650,Stock Trading Account,2022-06-30 16:56:29
24829,1299,Mutual Funds,2022-07-01 12:19:19
24780,1231,Mutual Funds,2022-07-02 11:09:19
24805,1623,Mutual Funds,2022-07-03 13:27:28
26319,1675,Mutual Funds,2022-07-03 22:19:26
21184,1856,Mutual Funds,2022-07-04 01:11:22
20018,1970,Stock Trading Account,2022-07-04 07:48:18
27788,1482,Stock Trading Account,2022-07-06 02:09:52
20051,1327,Mutual Funds,2022-07-12 17:29:15
27750,1711,Stock Trading Account,2022-07-15 15:06:25
25145,1875,Mutual Funds,2022-07-17 01:12:16
23799,1428,Stock Trading Account,2022-07-17 08:20:37
27178,1317,Mutual Funds,2022-07-17 09:24:24
22334,1227,Stock Trading Account,2022-07-18 11:28:54
24873,1983,Stock Trading Account,2022-07-20 15:12:35
26404,1973,Stock Trading Account,2022-07-20 23:02:37
22741,1303,Stock Trading Account,2022-07-21 23:19:31
27959,1788,Mutual Funds,2022-07-24 14:12:45
26758,1926,Mutual Funds,2022-07-26 22:22:45
28058,1717,Mutual Funds,2022-07-27 12:47:19
25543,1887,Mutual Funds,2022-07-27 22:26:52
28012,1315,Stock Trading Account,2022-07-28 12:26:19
22776,1960,Mutual Funds,2022-07-29 10:40:17
22989,1867,Stock Trading Account,2022-07-29 19:21:56
25052,1996,Mutual Funds,2022-07-30 17:08:19
22183,1536,Stock Trading Account,2022-08-02 10:25:53
25140,1146,Mutual Funds,2022-08-03 03:11:06
24008,1648,Stock Trading Account,2022-08-03 10:49:23
23251,1655,Mutual Funds,2022-08-05 10:21:42
24653,1084,Mutual Funds,2022-08-06 10:32:53
22290,1574,Mutual Funds,2022-08-06 21:09:48
24958,1004,Mutual Funds,2022-08-07 11:54:22
27473,1104,Stock Trading Account,2022-08-08 07:08:20
21414,1416,Mutual Funds,2022-08-09 21:29:18
23786,1569,Mutual Funds,2022-08-11 03:32:33
26787,1555,Stock Trading Account,2022-08-13 14:06:44
22791,1010,Stock Trading Account,2022-08-14 19:10:26
23814,1475,Mutual Funds,2022-08-15 09:44:24
25516,1003,Stock Trading Account,2022-08-15 12:20:52
20943,1216,Mutual Funds,2022-08-16 01:28:22
27190,1029,Mutual Funds,2022-08-17 13:28:04
24158,1259,Mutual Funds,2022-08-17 19:38:04
27122,1924,Stock Trading Account,2022-08-17 21:07:43
26848,1631,Mutual Funds,2022-08-18 19:09:45
24794,1418,Mutual Funds,2022-08-18 21:17:24
20380,1570,Mutual Funds,2022-08-19 11:17:32
23563,1522,Stock Trading Account,2022-08-21 05:02:58
21367,1888,Stock Trading Account,2022-08-21 09:40:59
21176,1739,Stock Trading Account,2022-08-22 17:54:36
23128,1220,Stock Trading Account,2022-08-24 16:34:15
25735,1907,Stock Trading Account,2022-08-26 17:51:41
21948,1213,Mutual Funds,2022-08-28 00:07:58
25794,1581,Mutual Funds,2022-08-28 09:17:52
21170,1692,Stock Trading Account,2022-08-29 11:00:33
20476,1104,Mutual Funds,2022-08-29 15:51:15
25595,1796,Mutual Funds,2022-08-30 22:37:53
24791,1926,Stock Trading Account,2022-08-31 03:50:36
25483,1511,Mutual Funds,2022-09-01 08:42:08
24197,1031,Mutual Funds,2022-09-04 01:39:59
21768,1136,Stock Trading Account,2022-09-04 04:05:53
26059,1329,Stock Trading Account,2022-09-04 05:48:57
26626,1960,Stock Trading Account,2022-09-04 08:40:41
24746,1724,Stock Trading Account,2022-09-04 20:13:49
22711,1808,Mutual Funds,2022-09-05 00:42:45
20077,1145,Mutual Funds,2022-09-05 17:36:34
23011,1539,Mutual Funds,2022-09-05 20:43:11
23807,1224,Mutual Funds,2022-09-06 05:37:32
22227,1499,Stock Trading Account,2022-09-06 05:38:32
28056,1937,Stock Trading Account,2022-09-08 03:03:29
23204,1562,Stock Trading Account,2022-09-08 16:08:08
22030,1058,Stock Trading Account,2022-09-09 09:07:09
24128,1408,Mutual Funds,2022-09-10 08:18:55
22007,1185,Mutual Funds,2022-09-11 15:47:18
22168,1178,Stock Trading Account,2022-09-11 20:47:42
26588,1350,Mutual Funds,2022-09-12 12:26:12
20991,1799,Mutual Funds,2022-09-13 15:05:36
25629,1808,Stock Trading Account,2022-09-15 12:53:49
22644,1865,Stock Trading Account,2022-09-15 14:44:44
26753,1671,Mutual Funds,2022-09-17 22:21:42
26487,1157,Mutual Funds,2022-09-18 03:33:13
26788,1061,Stock Trading Account,2022-09-19 00:37:04
21502,1169,Mutual Funds,2022-09-20 01:45:55
26522,1556,Stock Trading Account,2022-09-24 01:54:40
24118,1610,Stock Trading Account,2022-09-24 15:01:39
26474,1384,Mutual Funds,2022-09-26 09:38:07
27357,1748,Stock Trading Account,2022-09-26 17:50:45
22184,1536,Mutual Funds,2022-09-27 05:04:23
25239,1811,Stock Trading Account,2022-09-27 23:27:20
20117,1128,Mutual Funds,2022-09-28 15:21:02
27239,1784,Mutual Funds,2022-09-29 22:32:15
26444,1233,Stock Trading Account,2022-09-30 19:40:19
20932,1830,Stock Trading Account,2022-10-01 12:53:06
25952,1745,Mutual Funds,2022-10-02 02:51:17
21192,1366,Stock Trading Account,2022-10-02 06:27:10
25749,1799,Stock Trading Account,2022-10-04 04:46:34
22673,1434,Stock Trading Account,2022-10-04 18:40:16
21767,1887,Stock Trading Account,2022-10-07 23:40:01
20016,1970,Home Loan,2022-10-08 05:03:05
24022,1966,Mutual Funds,2022-10-09 18:13:21
26763,1434,Mutual Funds,2022-10-10 03:54:17
21489,1582,Stock Trading Account,2022-10-10 04:38:12
24866,1640,Stock Trading Account,2022-10-10 13:23:55
23110,1798,Stock Trading Account,2022-10-12 19:50:16
21589,1832,Stock Trading Account,2022-10-12 20:03:56
27280,1136,Mutual Funds,2022-10-14 06:33:45
26337,1091,Stock Trading Account,2022-10-15 20:57:26
24610,1394,Mutual Funds,2022-10-16 19:42:37
20527,1748,Mutual Funds,2022-10-18 14:36:48
20255,1271,Stock Trading Account,2022-10-19 17:44:19
24524,1655,Stock Trading Account,2022-10-20 00:25:05
24758,1315,Mutual Funds,2022-10-20 01:18:48
25096,1086,Stock Trading Account,2022-10-20 03:09:07
26309,1942,Stock Trading Account,2022-10-23 18:06:28
21907,1777,Mutual Funds,2022-10-24 06:19:36
25469,1161,Stock Trading Account,2022-10-27 16:20:40
27273,1321,Stock Trading Account,2022-10-27 20:51:48
26925,1044,Stock Trading Account,2022-10-28 00:31:25
27191,1029,Stock Trading Account,2022-10-28 08:32:17
22320,1304,Mutual Funds,2022-10-28 18:20:39
25737,1907,Mutual Funds,2022-10-29 13:03:50
27951,1606,Mutual Funds,2022-10-29 16:16:38
25236,1185,Stock Trading Account,2022-10-31 03:36:55
25639,1418,Stock Trading Account,2022-11-02 06:34:13
25597,1462,Stock Trading Account,2022-11-05 07:06:23
23884,1432,Stock Trading Account,2022-11-05 14:02:49
24130,1408,Stock Trading Account,2022-11-05 18:54:16
21669,1336,Mutual Funds,2022-11-09 08:58:05
21942,1093,Mutual Funds,2022-11-11 15:54:00
23956,1152,Stock Trading Account,2022-11-13 09:50:02
27531,1195,Stock Trading Account,2022-11-13 19:04:54
27082,1953,Mutual Funds,2022-11-14 09:54:41
21450,1032,Stock Trading Account,2022-11-15 05:47:37
26526,1688,Stock Trading Account,2022-11-15 19:40:09
27886,1588,Mutual Funds,2022-11-16 11:51:57
27957,1788,Stock Trading Account,2022-11-16 19:05:55
21297,1942,Mutual Funds,2022-11-17 00:33:24
24806,1623,Stock Trading Account,2022-11-17 05:13:16
23847,1776,Mutual Funds,2022-11-17 12:58:06
20491,1577,Mutual Funds,2022-11-17 21:57:27
21027,1123,Stock Trading Account,2022-11-17 23:25:29
23839,1815,Mutual Funds,2022-11-18 03:44:28
24228,1062,Stock Trading Account,2022-11-19 13:15:28
22363,1247,Mutual Funds,2022-11-20 01:46:24
26937,1415,Stock Trading Account,2022-11-20 04:59:42
25550,1547,Stock Trading Account,2022-11-22 03:15:26
21780,1206,Stock Trading Account,2022-11-22 14:23:10
23397,1743,Mutual Funds,2022-11-23 07:11:30
22536,1289,Mutual Funds,2022-11-23 14:14:48
23722,1737,Mutual Funds,2022-11-24 01:24:51
27795,1736,Mutual Funds,2022-11-24 18:43:03
25107,1171,Mutual Funds,2022-11-25 20:40:48
22537,1289,Stock Trading Account,2022-11-26 23:46:39
25179,1142,Stock Trading Account,2022-11-27 07:32:18
22922,1628,Mutual Funds,2022-11-27 23:47:49
23003,1745,Stock Trading Account,2022-11-28 23:29:26
23632,1891,Stock Trading Account,2022-11-29 04:02:11
24737,1610,Mutual Funds,2022-11-29 06:06:46
24885,1102,Mutual Funds,2022-12-01 12:10:59
22169,1094,Stock Trading Account,2022-12-01 16:10:03
23680,1114,Stock Trading Account,2022-12-02 02:21:47
23787,1569,Stock Trading Account,2022-12-03 11:11:49
20488,1411,Stock Trading Account,2022-12-03 23:27:16
20138,1314,Stock Trading Account,2022-12-04 05:19:36
25714,1874,Stock Trading Account,2022-12-04 06:38:56
20524,1891,Mutual Funds,2022-12-05 04:45:50
24380,1525,Stock Trading Account,2022-12-07 19:19:02
20265,1851,Mutual Funds,2022-12-08 12:35:30
26492,1881,Mutual Funds,2022-12-09 02:30:16
20953,1677,Mutual Funds,2022-12-10 08:34:58
20231,1635,Stock Trading Account,2022-12-10 17:02:36
23097,1164,Mutual Funds,2022-12-11 11:03:45
27901,1737,Stock Trading Account,2022-12-11 17:36:16
26322,1495,Mutual Funds,2022-12-12 01:53:46
25492,1527,Mutual Funds,2022-12-12 06:41:57
27321,1387,Stock Trading Account,2022-12-12 11:08:36
27341,1068,Stock Trading Account,2022-12-14 14:14:01
21783,1992,Stock Trading Account,2022-12-17 19:37:21
27470,1390,Mutual Funds,2022-12-20 18:32:23
20242,1852,Mutual Funds,2022-12-21 03:18:30
22201,1463,Stock Trading Account,2022-12-23 10:58:28
27265,1890,Stock Trading Account,2022-12-24 08:27:47
23336,1213,Stock Trading Account,2022-12-25 02:03:00
20303,1874,Mutual Funds,2022-12-28 20:55:47
21667,1336,Stock Trading Account,2022-12-29 02:56:26
26566,1527,Stock Trading Account,2022-12-30 00:39:20
26790,1378,Mutual Funds,2022-12-31 15:51:42
24504,1497,Stock Trading Account,2023-01-01 04:45:17
23833,1486,Stock Trading Account,2023-01-01 08:50:07
25257,1417,Stock Trading Account,2023-01-01 15:42:41
26508,1860,Mutual Funds,2023-01-02 12:10:21
23385,1758,Stock Trading Account,2023-01-03 14:30:52
20024,1486,Mutual Funds,2023-01-03 15:13:10
22304,1495,Stock Trading Account,2023-01-04 02:35:28
25090,1172,Mutual Funds,2023-01-04 03:13:48
21146,1145,Stock Trading Account,2023-01-04 12:09:08
26168,1672,Mutual Funds,2023-01-05 00:36:42
20522,1783,Mutual Funds,2023-01-06 00:06:16
21573,1712,Mutual Funds,2023-01-06 08:32:26
21415,1416,Stock Trading Account,2023-01-08 04:51:44
20946,1836,Mutual Funds,2023-01-11 18:58:56
24365,1698,Stock Trading Account,2023-01-13 02:08:09
26290,1782,Stock Trading Account,2023-01-13 05:51:51
23267,1888,Mutual Funds,2023-01-14 05:52:30
23577,1307,Mutual Funds,2023-01-14 09:36:53
20005,1641,Stock Trading Account,2023-01-15 01:00:46
26044,1841,Mutual Funds,2023-01-18 07:53:10
24669,1037,Stock Trading Account,2023-01-18 19:17:00
20573,1988,Mutual Funds,2023-01-20 07:33:47
20232,1635,Mutual Funds,2023-01-20 20:57:39
20797,1783,Stock Trading Account,2023-01-21 09:57:10
21540,1218,Stock Trading Account,2023-01-21 10:10:26
23123,1913,Stock Trading Account,2023-01-21 16:30:40
28097,1793,Mutual Funds,2023-01-22 19:50:56
20191,1498,Stock Trading Account,2023-01-23 12:31:35
26678,1385,Stock Trading Account,2023-01-24 11:06:19
23127,1220,Mutual Funds,2023-01-25 07:50:24
28079,1724,Mutual Funds,2023-01-27 06:05:04
23453,1221,Mutual Funds,2023-01-27 08:14:07
22095,1862,Mutual Funds,2023-01-28 01:54:47
27998,1485,Stock Trading Account,2023-01-28 23:24:31
23462,1823,Mutual Funds,2023-01-29 13:49:24
22206,1450,Stock Trading Account,2023-01-30 05:45:13
20368,1727,Mutual Funds,2023-01-30 21:49:51
26638,1577,Stock Trading Account,2023-01-31 22:15:41
27571,1023,Mutual Funds,2023-02-01 00:57:33
26525,1688,Mutual Funds,2023-02-03 01:50:56
25586,1685,Stock Trading Account,2023-02-03 05:35:23
24113,1144,Mutual Funds,2023-02-05 03:54:13
25132,1897,Stock Trading Account,2023-02-05 22:53:47
24972,1007,Stock Trading Account,2023-02-06 02:18:48
26601,1164,Stock Trading Account,2023-02-06 10:37:38
22540,1596,Stock Trading Account,2023-02-08 08:23:25
27346,1789,Stock Trading Account,2023-02-09 05:13:31
22175,1469,Stock Trading Account,2023-02-09 08:51:47
25154,1258,Stock Trading Account,2023-02-09 17:16:14
25093,1180,Stock Trading Account,2023-02-09 18:06:28
24212,1474,Mutual Funds,2023-02-10 08:41:35
24949,1700,Stock Trading Account,2023-02-12 03:40:23
24206,1988,Stock Trading Account,2023-02-12 04:45:02
25339,1212,Stock Trading Account,2023-02-13 10:38:31
26042,1308,Stock Trading Account,2023-02-13 16:18:59
25293,1912,Mutual Funds,2023-02-14 00:38:04
25182,1498,Mutual Funds,2023-02-14 03:40:44
20917,1393,Stock Trading Account,2023-02-14 11:15:44
25793,1581,Stock Trading Account,2023-02-15 13:46:26
27253,1665,Stock Trading Account,2023-02-15 19:31:49
27955,1575,Mutual Funds,2023-02-15 22:43:36
20660,1643,Mutual Funds,2023-02-16 10:21:06
24981,1308,Mutual Funds,2023-02-17 12:48:45
21559,1047,Stock Trading Account,2023-02-18 15:29:02
24731,1387,Mutual Funds,2023-02-20 03:35:47
27249,1665,Mutual Funds,2023-02-21 05:45:06
22732,1499,Mutual Funds,2023-02-21 23:25:34
22896,1091,Mutual Funds,2023-02-22 12:15:04
21406,1323,Mutual Funds,2023-02-25 00:15:01
27006,1033,Mutual Funds,2023-02-25 17:46:29
24921,1383,Mutual Funds,2023-02-26 07:16:06
21908,1777,Stock Trading Account,2023-02-26 13:19:30
23165,1337,Mutual Funds,2023-02-26 13:56:23
26820,1886,Stock Trading Account,2023-02-28 07:52:34
26098,1267,Mutual Funds,2023-02-28 09:12:30
21029,1123,Mutual Funds,2023-02-28 15:57:30
24332,1385,Mutual Funds,2023-02-28 23:06:17
22268,1722,Mutual Funds,2023-03-01 02:56:30
27422,1297,Stock Trading Account,2023-03-01 11:13:12
25183,1367,Stock Trading Account,2023-03-02 06:01:52
27575,1023,Stock Trading Account,2023-03-02 23:52:46
27667,1758,Mutual Funds,2023-03-03 00:49:56
21262,1962,Stock Trading Account,2023-03-03 04:36:32
22606,1287,Stock Trading Account,2023-03-03 06:37:36
25906,1915,Stock Trading Account,2023-03-04 01:12:11
27849,1667,Mutual Funds,2023-03-04 02:21:56
21274,1161,Mutual Funds,2023-03-06 12:27:02
24723,1647,Stock Trading Account,2023-03-06 15:03:19
26495,1085,Stock Trading Account,2023-03-07 09:30:17
23410,1390,Stock Trading Account,2023-03-07 20:25:41
21757,1322,Stock Trading Account,2023-03-08 13:19:12
24838,1654,Stock Trading Account,2023-03-08 15:03:21
22687,1768,Stock Trading Account,2023-03-10 15:50:09
27884,1478,Mutual Funds,2023-03-15 00:28:42
23166,1337,Stock Trading Account,2023-03-15 21:58:24
21624,1675,Stock Trading Account,2023-03-16 01:31:18
21541,1218,Mutual Funds,2023-03-16 06:12:06
20367,1727,Stock Trading Account,2023-03-16 07:54:07
21939,1352,Mutual Funds,2023-03-18 15:20:15
26917,1811,Mutual Funds,2023-03-19 11:31:57
25775,1015,Stock Trading Account,2023-03-21 17:12:10
20010,1444,Stock Trading Account,2023-03-23 12:48:34
27027,1322,Mutual Funds,2023-03-23 14:32:44
24697,1221,Stock Trading Account,2023-03-25 02:43:56
24547,1047,Mutual Funds,2023-03-25 08:03:25
22080,1347,Stock Trading Account,2023-03-25 19:52:58
23583,1062,Mutual Funds,2023-03-26 10:17:27
26307,1561,Mutual Funds,2023-03-29 03:11:13
22819,1116,Stock Trading Account,2023-03-30 08:33:57
23174,1836,Stock Trading Account,2023-04-02 00:15:24
27200,1967,Mutual Funds,2023-04-03 10:31:55
24007,1648,Mutual Funds,2023-04-05 10:35:12
22204,1450,Mutual Funds,2023-04-05 15:56:38
21493,1126,Stock Trading Account,2023-04-05 23:47:52
24544,1932,Mutual Funds,2023-04-07 05:04:23
21308,1423,Mutual Funds,2023-04-08 13:42:33
21417,1128,Stock Trading Account,2023-04-09 22:28:50
24777,1008,Mutual Funds,2023-04-11 04:26:28
27967,1320,Stock Trading Account,2023-04-11 09:35:43
21376,1462,Mutual Funds,2023-04-12 07:02:59
26365,1749,Stock Trading Account,2023-04-15 08:00:31
23036,1878,Stock Trading Account,2023-04-16 04:49:24
26779,1103,Mutual Funds,2023-04-17 14:07:16
27614,1157,Stock Trading Account,2023-04-17 20:51:27
26172,1034,Stock Trading Account,2023-04-19 07:09:33
27787,1482,Mutual Funds,2023-04-22 16:06:04
21687,1792,Stock Trading Account,2023-04-23 00:54:30
27656,1433,Stock Trading Account,2023-04-24 05:05:01
21994,1856,Stock Trading Account,2023-04-24 05:20:48
22721,1604,Stock Trading Account,2023-04-24 14:44:36
22179,1469,Mutual Funds,2023-04-27 06:35:42
26025,1339,Stock Trading Account,2023-04-27 08:50:51
26826,1280,Stock Trading Account,2023-04-29 06:07:05
24661,1156,Mutual Funds,2023-04-30 09:49:59
26207,1254,Mutual Funds,2023-04-30 21:51:57
23652,1910,Stock Trading Account,2023-05-02 19:32:30
27830,1008,Stock Trading Account,2023-05-03 14:09:15
27451,1007,Mutual Funds,2023-05-03 16:23:05
25651,1317,Stock Trading Account,2023-05-05 07:34:25
23620,1453,Stock Trading Account,2023-05-05 15:36:58
24689,1277,Mutual Funds,2023-05-06 07:03:34
21664,1883,Mutual Funds,2023-05-06 20:49:05
23755,1698,Mutual Funds,2023-05-07 17:06:34
20108,1607,Fixed Deposit,2023-05-10 03:10:23
21264,1962,Mutual Funds,2023-05-11 01:12:01
24185,1720,Mutual Funds,2023-05-11 22:13:39
26396,1970,Mutual Funds,2023-05-12 19:02:52
27524,1901,Stock Trading Account,2023-05-13 12:23:53
24571,1245,Stock Trading Account,2023-05-13 18:29:11
24071,1913,Mutual Funds,2023-05-14 04:01:51
27056,1178,Mutual Funds,2023-05-14 18:39:58
27066,1231,Stock Trading Account,2023-05-14 20:58:14
26097,1267,Stock Trading Account,2023-05-14 21:59:54
25648,1173,Mutual Funds,2023-05-14 22:21:18
23398,1743,Stock Trading Account,2023-05-15 00:09:06
24858,1945,Stock Trading Account,2023-05-16 17:06:19
22445,1767,Mutual Funds,2023-05-16 17:29:16
26501,1504,Mutual Funds,2023-05-16 21:00:10
27525,1901,Mutual Funds,2023-05-17 13:32:05
26597,1415,Mutual Funds,2023-05-17 22:47:11
22762,1685,Mutual Funds,2023-05-18 06:21:09
24751,1607,Mutual Funds,2023-05-20 03:56:23
20465,1402,Mutual Funds,2023-05-20 10:12:08
21259,1412,Mutual Funds,2023-05-20 23:11:30
23273,1320,Mutual Funds,2023-05-21 04:23:19
25438,1345,Mutual Funds,2023-05-24 04:09:55
26927,1483,Stock Trading Account,2023-05-24 13:27:51
26370,1502,Stock Trading Account,2023-05-25 17:45:43
24967,1393,Mutual Funds,2023-05-26 06:04:49
23081,1083,Mutual Funds,2023-05-26 11:04:38
25784,1257,Stock Trading Account,2023-05-29 20:20:50
23158,1158,Mutual Funds,2023-05-30 00:28:34
27430,1226,Stock Trading Account,2023-05-30 02:35:52
24662,1156,Stock Trading Account,2023-05-31 13:26:49
23954,1152,Mutual Funds,2023-05-31 16:21:14
20978,1041,Home Loan,2023-05-31 23:33:36
20821,1202,Mutual Funds,2023-06-02 05:05:51
26018,1703,Stock Trading Account,2023-06-03 07:11:09
20057,1672,Fixed Deposit,2023-06-03 17:08:22
25740,1805,Stock Trading Account,2023-06-03 23:04:59
22743,1614,Stock Trading Account,2023-06-04 21:10:11
23570,1830,Mutual Funds,2023-06-05 00:27:57
20264,1474,Stock Trading Account,2023-06-05 02:40:11
20568,1986,Stock Trading Account,2023-06-05 08:55:35
25414,1277,Stock Trading Account,2023-06-06 04:10:14
26227,1784,Stock Trading Account,2023-06-06 12:41:24
24260,1614,Mutual Funds,2023-06-06 17:55:33
27019,1864,Stock Trading Account,2023-06-07 06:39:27
20355,1151,Stock Trading Account,2023-06-07 23:09:03
26300,1616,Stock Trading Account,2023-06-09 19:14:21
24430,1046,Stock Trading Account,2023-06-11 05:00:57
20225,1607,Stock Trading Account,2023-06-14 07:55:54
27536,1600,Mutual Funds,2023-06-15 09:04:12
28047,1703,Mutual Funds,2023-06-16 11:59:16
24913,1061,Mutual Funds,2023-06-17 21:50:35
22542,1401,Mutual Funds,2023-06-17 22:56:43
20326,1458,Stock Trading Account,2023-06-18 06:59:32
21254,1449,Mutual Funds,2023-06-18 16:30:57
24959,1004,Stock Trading Account,2023-06-19 07:31:32
23242,1997,Mutual Funds,2023-06-21 00:06:41
26424,1309,Stock Trading Account,2023-06-21 06:06:57
20143,1290,Stock Trading Account,2023-06-22 15:46:46
27429,1226,Mutual Funds,2023-06-23 05:45:59
27640,1269,Stock Trading Account,2023-06-26 02:01:49
26255,1697,Stock Trading Account,2023-06-27 02:32:38
26647,1046,Mutual Funds,2023-06-27 08:08:45
20379,1986,Mutual Funds,2023-06-28 03:35:18
24861,1877,Mutual Funds,2023-06-29 20:23:12
27954,1575,Stock Trading Account,2023-07-01 22:47:47
20689,1472,Stock Trading Account,2023-07-02 05:54:11
26825,1280,Mutual Funds,2023-07-02 10:55:50
22476,1732,Stock Trading Account,2023-07-02 22:20:07
26783,1103,Stock Trading Account,2023-07-03 03:06:49
25917,1767,Stock Trading Account,2023-07-05 02:03:58
26008,1674,Mutual Funds,2023-07-06 06:52:05
23026,1567,Stock Trading Account,2023-07-07 19:12:52
20081,1503,Stock Trading Account,2023-07-08 14:51:53
21973,1802,Stock Trading Account,2023-07-10 01:38:15
26045,1841,Stock Trading Account,2023-07-12 12:41:54
27526,1813,Mutual Funds,2023-07-13 23:33:29
28062,1820,Stock Trading Account,2023-07-14 01:34:53
21922,1281,Mutual Funds,2023-07-14 01:35:50
23991,1256,Stock Trading Account,2023-07-14 20:44:54
26654,1419,Stock Trading Account,2023-07-15 07:37:27
20650,1166,Mutual Funds,2023-07-17 12:54:57
27857,1507,Mutual Funds,2023-07-18 10:16:22
24434,1696,Stock Trading Account,2023-07-19 15:28:17
28084,1616,Mutual Funds,2023-07-19 16:38:43
23618,1689,Mutual Funds,2023-07-19 22:44:16
24993,1043,Stock Trading Account,2023-07-22 00:43:21
26382,1304,Stock Trading Account,2023-07-22 23:00:11
24887,1994,Stock Trading Account,2023-07-25 07:09:13
21590,1832,Mutual Funds,2023-07-25 16:27:02
27301,1612,Stock Trading Account,2023-07-26 21:27:42
20928,1155,Mutual Funds,2023-07-27 09:42:13
24997,1180,Mutual Funds,2023-07-28 02:26:37
25258,1417,Mutual Funds,2023-07-28 08:55:25
27919,1883,Stock Trading Account,2023-07-28 21:35:42
22195,1426,Mutual Funds,2023-07-29 05:56:37
24704,1048,Stock Trading Account,2023-07-30 08:07:02
26385,1949,Mutual Funds,2023-07-30 20:12:58
25035,1879,Stock Trading Account,2023-07-31 04:16:26
23849,1491,Mutual Funds,2023-07-31 04:36:38
22956,1189,Mutual Funds,2023-08-01 21:36:01
25163,1653,Stock Trading Account,2023-08-01 22:14:31
26153,1689,Stock Trading Account,2023-08-02 02:58:07
26455,1407,Mutual Funds,2023-08-02 13:30:29
27649,1978,Stock Trading Account,2023-08-03 17:21:51
22881,1684,Stock Trading Account,2023-08-05 05:50:05
25831,1167,Mutual Funds,2023-08-05 13:06:52
27856,1507,Stock Trading Account,2023-08-05 17:52:38
27484,1840,Mutual Funds,2023-08-07 10:44:24
24171,1797,Stock Trading Account,2023-08-07 19:06:22
24766,1854,Mutual Funds,2023-08-08 05:05:58
26602,1002,Mutual Funds,2023-08-08 13:01:07
22377,1978,Mutual Funds,2023-08-09 04:28:08
20584,1363,Stock Trading Account,2023-08-10 08:48:28
20247,1519,Stock Trading Account,2023-08-10 17:35:01
20859,1126,Mutual Funds,2023-08-11 23:50:23
25910,1189,Stock Trading Account,2023-08-12 20:44:23
26497,1085,Mutual Funds,2023-08-13 01:13:59
22913,1620,Mutual Funds,2023-08-13 09:21:54
26137,1504,Stock Trading Account,2023-08-13 22:57:45
22654,1812,Stock Trading Account,2023-08-14 00:56:10
20779,1082,Mutual Funds,2023-08-15 08:23:48
27180,1840,Stock Trading Account,2023-08-15 11:17:20
21980,1670,Mutual Funds,2023-08-15 19:24:52
26739,1991,Stock Trading Account,2023-08-16 02:32:11
21940,1093,Stock Trading Account,2023-08-16 03:58:26
22642,1519,Mutual Funds,2023-08-16 11:24:33
27724,1839,Mutual Funds,2023-08-17 00:04:33
22251,1959,Stock Trading Account,2023-08-17 05:32:44
25787,1257,Credit Card,2023-08-17 11:40:16
24015,1199,Mutual Funds,2023-08-20 04:46:32
25038,1629,Stock Trading Account,2023-08-20 19:02:01
21506,1734,Stock Trading Account,2023-08-21 23:01:50
23290,1741,Stock Trading Account,2023-08-22 21:07:46
23962,1720,Stock Trading Account,2023-08-23 10:12:39
21360,1622,Mutual Funds,2023-08-28 01:44:08
20045,1256,Savings Account,2023-08-28 01:45:02
26586,1839,Stock Trading Account,2023-08-30 04:47:05
22959,1778,Mutual Funds,2023-08-31 03:23:19
20327,1458,Mutual Funds,2023-08-31 08:40:13
24765,1854,Stock Trading Account,2023-09-01 01:16:38
23451,1401,Stock Trading Account,2023-09-01 06:07:36
24486,1679,Mutual Funds,2023-09-01 07:11:48
23926,1514,Stock Trading Account,2023-09-02 14:21:43
26734,1587,Stock Trading Account,2023-09-02 17:57:57
25575,1989,Stock Trading Account,2023-09-03 07:48:27
27454,1022,Personal Loan,2023-09-03 13:11:07
24726,1961,Mutual Funds,2023-09-04 03:35:56
25912,1293,Mutual Funds,2023-09-05 11:24:31
20483,1518,Stock Trading Account,2023-09-06 02:13:05
26475,1384,Stock Trading Account,2023-09-08 03:20:49
27396,1806,Stock Trading Account,2023-09-08 15:32:06
24522,1869,Stock Trading Account,2023-09-09 02:35:41
25669,1051,Stock Trading Account,2023-09-09 20:19:14
25503,1287,Mutual Funds,2023-09-10 06:18:40
20969,1032,Fixed Deposit,2023-09-10 17:51:48
25579,1538,Mutual Funds,2023-09-11 20:42:33
25288,1693,Stock Trading Account,2023-09-14 05:18:31
22834,1198,Stock Trading Account,2023-09-14 07:41:01
24619,1630,Mutual Funds,2023-09-15 00:05:29
21801,1305,Mutual Funds,2023-09-15 13:16:13
22539,1596,Mutual Funds,2023-09-15 17:42:00
25005,1652,Mutual Funds,2023-09-15 17:51:18
23553,1994,Mutual Funds,2023-09-15 19:51:45
24809,1886,Mutual Funds,2023-09-16 03:54:43
20736,1106,Stock Trading Account,2023-09-17 20:59:56
21456,1989,Mutual Funds,2023-09-17 23:58:59
25730,1672,Stock Trading Account,2023-09-19 03:48:20
24313,1492,Mutual Funds,2023-09-19 10:17:17
26432,1946,Stock Trading Account,2023-09-19 11:16:37
27008,1033,Stock Trading Account,2023-09-20 17:29:55
21198,1438,Mutual Funds,2023-09-20 22:54:35
24377,1696,Mutual Funds,2023-09-21 09:12:09
25459,1771,Mutual Funds,2023-09-21 16:41:20
23759,1524,Mutual Funds,2023-09-22 07:53:10
20985,1797,Mutual Funds,2023-09-23 13:01:57
21547,1242,Mutual Funds,2023-09-24 05:05:27
22025,1217,Mutual Funds,2023-09-24 15:08:08
21115,1071,Mutual Funds,2023-09-24 18:07:00
26321,1370,Stock Trading Account,2023-09-25 08:13:13
22778,1177,Stock Trading Account,2023-09-26 01:14:10
27981,1370,Mutual Funds,2023-09-26 13:16:21
26792,1378,Stock Trading Account,2023-09-27 23:57:56
24026,1755,Mutual Funds,2023-09-28 08:22:55
26712,1890,Mutual Funds,2023-09-28 08:56:18
22451,1993,Mutual Funds,2023-09-28 18:34:05
20758,1292,Mutual Funds,2023-09-30 21:15:37
23673,1234,Mutual Funds,2023-09-30 22:19:53
23028,1360,Mutual Funds,2023-10-01 09:23:31
20109,1607,Education Loan,2023-10-02 19:10:43
20748,1863,Stock Trading Account,2023-10-03 18:53:26
21325,1382,Mutual Funds,2023-10-04 13:24:14
20262,1869,Mutual Funds,2023-10-05 02:04:58
20022,1238,Mutual Funds,2023-10-05 09:12:40
27413,1198,Mutual Funds,2023-10-05 15:57:22
26243,1917,Stock Trading Account,2023-10-06 06:04:18
22525,1523,Mutual Funds,2023-10-06 20:04:04
21565,1173,Stock Trading Account,2023-10-07 02:24:43
26929,1305,Stock Trading Account,2023-10-08 04:26:31
23637,1611,Stock Trading Account,2023-10-09 07:33:10
26434,1946,Mutual Funds,2023-10-09 10:29:38
23567,1063,Mutual Funds,2023-10-12 03:48:58
24803,1768,Mutual Funds,2023-10-15 08:37:30
24678,1155,Stock Trading Account,2023-10-18 23:01:46
27116,1963,Stock Trading Account,2023-10-19 07:16:14
22524,1523,Stock Trading Account,2023-10-19 09:18:22
23441,1508,Mutual Funds,2023-10-19 09:29:19
20167,1925,Mutual Funds,2023-10-19 15:01:00
20365,1871,Mutual Funds,2023-10-20 01:48:29
22942,1968,Mutual Funds,2023-10-20 10:01:04
27910,1049,Stock Trading Account,2023-10-20 15:56:27
25646,1386,Mutual Funds,2023-10-20 15:57:05
26819,1063,Stock Trading Account,2023-10-20 18:14:27
22826,1436,Mutual Funds,2023-10-21 20:05:12
21422,1641,Mutual Funds,2023-10-22 04:16:04
28039,1041,Mutual Funds,2023-10-22 09:42:16
25624,1576,Mutual Funds,2023-10-23 02:04:57
22936,1484,Stock Trading Account,2023-10-23 22:43:10
25143,1241,Stock Trading Account,2023-10-25 20:08:23
26523,1556,Mutual Funds,2023-10-26 11:11:16
20085,1151,Fixed Deposit,2023-10-28 12:10:45
21255,1449,Stock Trading Account,2023-10-28 13:50:09
24410,1410,Stock Trading Account,2023-10-29 08:56:50
27142,1268,Mutual Funds,2023-10-29 10:45:42
25026,1002,Stock Trading Account,2023-10-29 20:52:01
20004,1959,Mutual Funds,2023-10-30 05:48:35
26441,1205,Stock Trading Account,2023-10-30 10:30:48
25957,1885,Mutual Funds,2023-10-30 12:05:17
25367,1656,Mutual Funds,2023-10-30 12:46:18
22995,1293,Stock Trading Account,2023-11-01 07:42:15
24283,1851,Stock Trading Account,2023-11-01 12:32:47
24086,1536,Savings Account,2023-11-02 16:10:41
21467,1138,Stock Trading Account,2023-11-03 01:32:26
22567,1438,Stock Trading Account,2023-11-03 02:51:45
27991,1494,Mutual Funds,2023-11-03 17:45:58
25434,1400,Stock Trading Account,2023-11-04 13:16:52
27047,1518,Mutual Funds,2023-11-05 10:48:02
25001,1319,Mutual Funds,2023-11-06 04:26:51
24954,1268,Stock Trading Account,2023-11-06 09:00:44
24092,1272,Mutual Funds,2023-11-06 16:24:49
22058,1374,Mutual Funds,2023-11-07 07:26:49
25739,1805,Mutual Funds,2023-11-07 16:21:12
27651,1591,Stock Trading Account,2023-11-08 03:51:15
25868,1319,Stock Trading Account,2023-11-09 10:20:15
24020,1917,Mutual Funds,2023-11-10 03:34:19
24896,1545,Mutual Funds,2023-11-10 08:00:16
27556,1149,Mutual Funds,2023-11-11 05:38:25
21562,1690,Stock Trading Account,2023-11-11 07:48:38
25645,1386,Stock Trading Account,2023-11-11 17:02:42
25682,1846,Stock Trading Account,2023-11-11 18:09:02
26878,1873,Stock Trading Account,2023-11-13 05:48:51
21926,1281,Stock Trading Account,2023-11-14 20:37:12
27074,1261,Stock Trading Account,2023-11-15 18:43:59
24362,1211,Stock Trading Account,2023-11-15 19:03:51
22898,1619,Stock Trading Account,2023-11-15 23:33:45
24296,1611,Mutual Funds,2023-11-17 01:27:08
23966,1217,Stock Trading Account,2023-11-17 04:43:01
27882,1478,Stock Trading Account,2023-11-17 13:43:51
24592,1006,Stock Trading Account,2023-11-17 20:30:45
21782,1992,Mutual Funds,2023-11-18 11:15:31
20892,1761,Mutual Funds,2023-11-18 15:20:51
21484,1508,Stock Trading Account,2023-11-18 21:30:00
23016,1410,Mutual Funds,2023-11-18 22:06:39
20399,1028,Education Loan,2023-11-20 00:55:39
26991,1341,Stock Trading Account,2023-11-21 18:35:11
20194,1771,Stock Trading Account,2023-11-22 02:11:20
25664,1365,Stock Trading Account,2023-11-22 16:21:27
27784,1509,Stock Trading Account,2023-11-23 10:51:23
23304,1041,Stock Trading Account,2023-11-23 12:53:41
27383,1863,Mutual Funds,2023-11-24 03:18:27
27112,1211,Mutual Funds,2023-11-24 09:53:42
26993,1341,Mutual Funds,2023-11-24 19:29:30
24681,1439,Stock Trading Account,2023-11-25 01:05:13
20325,1437,Stock Trading Account,2023-11-25 06:58:23
24935,1174,Stock Trading Account,2023-11-26 02:23:42
25623,1576,Stock Trading Account,2023-11-27 11:45:34
22484,1494,Stock Trading Account,2023-11-29 02:07:44
21910,1980,Stock Trading Account,2023-11-29 15:26:13
25544,1545,Stock Trading Account,2023-11-29 20:42:43
24164,1578,Stock Trading Account,2023-11-30 17:15:46
20466,1255,Mutual Funds,2023-12-01 01:14:39
20184,1647,Mutual Funds,2023-12-01 21:57:33
23211,1612,Mutual Funds,2023-12-02 14:38:38
21862,1565,Mutual Funds,2023-12-03 10:10:41
23208,1255,Stock Trading Account,2023-12-04 10:53:56
26813,1657,Mutual Funds,2023-12-05 10:27:00
23863,1487,Mutual Funds,2023-12-06 00:37:09
27760,1850,Mutual Funds,2023-12-06 14:03:55
22010,1873,Mutual Funds,2023-12-09 10:35:33
24950,1473,Stock Trading Account,2023-12-10 09:17:37
22655,1812,Mutual Funds,2023-12-12 07:46:03
24469,1269,Mutual Funds,2023-12-13 18:12:48
23248,1949,Stock Trading Account,2023-12-13 20:15:14
20579,1933,Mutual Funds,2023-12-14 02:58:45
20211,1236,Stock Trading Account,2023-12-14 14:24:58
25728,1940,Mutual Funds,2023-12-14 14:58:06
20496,1719,Stock Trading Account,2023-12-14 18:00:00
20700,1459,Mutual Funds,2023-12-15 01:34:20
20733,1971,Mutual Funds,2023-12-15 05:00:23
22050,1969,Mutual Funds,2023-12-15 23:31:52
21753,1544,Stock Trading Account,2023-12-16 20:40:45
23415,1590,Mutual Funds,2023-12-17 03:07:51
23288,1541,Stock Trading Account,2023-12-17 06:46:23
22209,1972,Mutual Funds,2023-12-19 10:46:39
23245,1306,Stock Trading Account,2023-12-19 18:06:03
23293,1741,Mutual Funds,2023-12-20 12:18:45
20215,1373,Mutual Funds,2023-12-20 16:45:52
25667,1051,Mutual Funds,2023-12-20 20:27:03
20620,1054,Mutual Funds,2023-12-21 14:30:46
26488,1881,Stock Trading Account,2023-12-21 17:25:13
28006,1624,Stock Trading Account,2023-12-21 20:16:17
24761,1734,Mutual Funds,2023-12-23 01:48:49
21379,1039,Mutual Funds,2023-12-23 02:20:57
21972,1822,Mutual Funds,2023-12-23 15:30:05
25098,1034,Mutual Funds,2023-12-24 10:01:33
27512,1541,Mutual Funds,2023-12-25 02:24:41
23257,1006,Mutual Funds,2023-12-25 10:29:39
21610,1296,Stock Trading Account,2023-12-26 05:55:23
22624,1167,Stock Trading Account,2023-12-26 13:53:40
24515,1459,Stock Trading Account,2023-12-26 17:10:44
26922,1044,Mutual Funds,2023-12-27 08:09:11
22971,1052,Stock Trading Account,2023-12-28 06:09:17
22049,1969,Stock Trading Account,2023-12-29 09:53:52
22570,1971,Stock Trading Account,2023-12-29 21:53:09
23661,1592,Stock Trading Account,2023-12-30 08:50:23
23358,1659,Mutual Funds,2023-12-30 19:57:48
25118,1833,Stock Trading Account,2023-12-31 16:26:00
20661,1643,Stock Trading Account,2023-12-31 20:59:05
22393,1833,Mutual Funds,2024-01-01 16:14:35
20110,1272,Stock Trading Account,2024-01-02 14:03:28
23224,1373,Stock Trading Account,2024-01-02 18:50:55
22270,1039,Stock Trading Account,2024-01-03 00:43:04
20133,1833,Savings Account,2024-01-03 01:26:15
23229,1097,Stock Trading Account,2024-01-03 08:59:04
22961,1170,Mutual Funds,2024-01-03 09:15:52
25161,1653,Mutual Funds,2024-01-04 07:10:04
25176,1182,Stock Trading Account,2024-01-04 16:39:07
25073,1325,Mutual Funds,2024-01-05 02:52:39
20001,1959,Personal Loan,2024-01-05 09:59:35
23916,1199,Stock Trading Account,2024-01-05 10:45:10
20199,1987,Mutual Funds,2024-01-05 18:04:58
24143,1140,Mutual Funds,2024-01-06 21:25:30
27138,1660,Stock Trading Account,2024-01-06 23:37:19
23102,1564,Stock Trading Account,2024-01-07 10:31:34
22346,1549,Stock Trading Account,2024-01-07 16:35:36
24852,1410,Savings Account,2024-01-08 05:14:06
27094,1074,Stock Trading Account,2024-01-08 21:54:09
23041,1017,Stock Trading Account,2024-01-10 05:15:54
26263,1980,Mutual Funds,2024-01-12 11:11:34
24709,1725,Mutual Funds,2024-01-12 12:24:46
25074,1325,Stock Trading Account,2024-01-13 21:44:56
24077,1634,Mutual Funds,2024-01-15 19:54:16
20671,1842,Stock Trading Account,2024-01-15 20:17:55
22857,1374,Stock Trading Account,2024-01-16 02:33:24
20731,1503,Fixed Deposit,2024-01-16 05:07:05
26022,1546,Stock Trading Account,2024-01-16 18:49:59
26191,1534,Stock Trading Account,2024-01-17 01:23:36
24644,1939,Mutual Funds,2024-01-17 01:26:50
25523,1660,Mutual Funds,2024-01-17 04:22:33
23621,1453,Mutual Funds,2024-01-17 08:52:55
25874,1261,Mutual Funds,2024-01-18 13:14:06
22621,1331,Stock Trading Account,2024-01-18 18:30:05
21011,1681,Stock Trading Account,2024-01-19 00:16:00
28083,1132,Mutual Funds,2024-01-20 07:43:54
25681,1427,Mutual Funds,2024-01-20 17:48:41
27598,1584,Stock Trading Account,2024-01-21 06:09:47
27348,1789,Mutual Funds,2024-01-22 04:35:18
27104,1834,Stock Trading Account,2024-01-23 05:37:08
21310,1423,Stock Trading Account,2024-01-24 03:19:50
21554,1129,Mutual Funds,2024-01-25 05:51:40
22449,1993,Stock Trading Account,2024-01-25 05:57:37
25699,1011,Mutual Funds,2024-01-26 18:40:39
26469,1058,Mutual Funds,2024-01-26 23:30:24
27103,1834,Mutual Funds,2024-01-27 00:06:18
21030,1455,Stock Trading Account,2024-01-27 15:55:35
22573,1331,Mutual Funds,2024-01-28 05:04:20
22456,1106,Mutual Funds,2024-01-29 14:59:02
26957,1778,Stock Trading Account,2024-01-29 18:12:47
27763,1436,Stock Trading Account,2024-01-29 22:10:17
26451,1939,Stock Trading Account,2024-01-30 08:35:30
21224,1963,Mutual Funds,2024-01-30 15:06:38
22645,1865,Mutual Funds,2024-01-30 23:03:58
24053,1878,Mutual Funds,2024-01-31 01:29:02
20337,1396,Savings Account,2024-02-01 00:26:13
20767,1676,Stock Trading Account,2024-02-01 11:29:02
26674,1187,Stock Trading Account,2024-02-02 10:44:26
21867,1524,Stock Trading Account,2024-02-03 03:59:25
21015,1125,Stock Trading Account,2024-02-03 14:36:37
26079,1400,Mutual Funds,2024-02-04 02:34:02
21808,1530,Stock Trading Account,2024-02-04 04:41:55
25859,1859,Stock Trading Account,2024-02-04 05:06:35
22503,1932,Stock Trading Account,2024-02-04 05:20:21
27540,1600,Stock Trading Account,2024-02-04 15:22:06
26669,1652,Stock Trading Account,2024-02-04 18:20:54
23195,1306,Mutual Funds,2024-02-06 01:13:14
23625,1227,Mutual Funds,2024-02-06 01:39:35
24682,1439,Mutual Funds,2024-02-07 14:02:09
20680,1597,Mutual Funds,2024-02-08 00:52:59
23100,1564,Mutual Funds,2024-02-10 10:20:44
20300,1681,Mutual Funds,2024-02-10 14:58:48
26146,1657,Stock Trading Account,2024-02-11 00:02:30
22244,1514,Mutual Funds,2024-02-11 07:55:54
21998,1344,Stock Trading Account,2024-02-12 11:50:59
23846,1776,Stock Trading Account,2024-02-12 19:27:31
25056,1487,Stock Trading Account,2024-02-13 06:52:06
26673,1187,Mutual Funds,2024-02-14 11:01:19
22131,1193,Stock Trading Account,2024-02-14 14:19:23
27686,1538,Stock Trading Account,2024-02-14 15:32:08
26888,1919,Stock Trading Account,2024-02-14 18:09:39
23930,1372,Stock Trading Account,2024-02-15 09:02:59
22210,1972,Stock Trading Account,2024-02-16 02:29:20
23828,1170,Stock Trading Account,2024-02-16 06:13:17
20684,1009,Stock Trading Account,2024-02-18 12:05:19
22786,1363,Mutual Funds,2024-02-20 12:18:51
23674,1234,Stock Trading Account,2024-02-20 17:22:14
23356,1490,Mutual Funds,2024-02-20 19:55:13
21749,1506,Mutual Funds,2024-02-21 16:23:21
28055,1009,Mutual Funds,2024-02-22 04:07:14
26205,1254,Stock Trading Account,2024-02-22 15:39:46
27387,1919,Mutual Funds,2024-02-22 22:22:18
23029,1360,Stock Trading Account,2024-02-23 05:57:40
21754,1544,Mutual Funds,2024-02-23 15:56:18
21684,1792,Mutual Funds,2024-02-24 00:05:06
22136,1769,Mutual Funds,2024-02-25 07:08:33
22938,1549,Mutual Funds,2024-02-25 07:36:05
24335,1884,Stock Trading Account,2024-02-26 05:43:15
26507,1860,Stock Trading Account,2024-02-26 06:55:21
25178,1142,Mutual Funds,2024-02-26 22:22:25
26266,1695,Stock Trading Account,2024-02-28 14:14:50
20474,1497,Mutual Funds,2024-02-29 19:03:41
23033,1501,Stock Trading Account,2024-03-02 10:23:57
25470,1270,Mutual Funds,2024-03-02 18:06:39
24028,1755,Stock Trading Account,2024-03-03 07:27:22
22438,1238,Stock Trading Account,2024-03-03 18:01:44
21878,1166,Stock Trading Account,2024-03-04 17:08:36
20728,1503,Mutual Funds,2024-03-04 21:11:18
27628,1678,Stock Trading Account,2024-03-05 03:20:41
21112,1020,Stock Trading Account,2024-03-05 06:09:21
22664,1723,Stock Trading Account,2024-03-06 02:36:15
27740,1427,Stock Trading Account,2024-03-06 18:24:55
25078,1203,Stock Trading Account,2024-03-07 02:17:00
20668,1588,Stock Trading Account,2024-03-07 02:20:46
22671,1850,Stock Trading Account,2024-03-07 13:26:51
23070,1203,Mutual Funds,2024-03-07 21:15:57
24483,1679,Stock Trading Account,2024-03-08 02:27:49
27691,1027,Stock Trading Account,2024-03-08 23:17:55
26019,1546,Mutual Funds,2024-03-09 22:10:16
27022,1864,Mutual Funds,2024-03-11 12:13:54
26114,1298,Stock Trading Account,2024-03-11 21:55:46
28082,1132,Stock Trading Account,2024-03-12 17:35:24
21016,1125,Mutual Funds,2024-03-12 20:52:49
21187,1673,Mutual Funds,2024-03-13 01:08:01
26112,1298,Mutual Funds,2024-03-15 05:26:48
22137,1769,Stock Trading Account,2024-03-15 10:33:19
22141,1903,Stock Trading Account,2024-03-15 15:35:58
23806,1224,Stock Trading Account,2024-03-15 17:02:08
27201,1967,Stock Trading Account,2024-03-15 18:43:40
22547,1129,Stock Trading Account,2024-03-17 20:00:58
20055,1430,Credit Card,2024-03-17 23:35:15
24239,1900,Stock Trading Account,2024-03-19 07:00:59
20238,1351,Stock Trading Account,2024-03-20 00:25:02
22930,1042,Stock Trading Account,2024-03-20 02:22:12
22255,1186,Stock Trading Account,2024-03-21 12:42:01
27438,1052,Mutual Funds,2024-03-22 05:37:26
20956,1677,Stock Trading Account,2024-03-23 10:31:51
23144,1718,Mutual Funds,2024-03-25 05:06:39
26769,1861,Mutual Funds,2024-03-26 06:12:52
23574,1208,Stock Trading Account,2024-03-26 14:57:28
23686,1565,Stock Trading Account,2024-03-30 21:09:18
23192,1515,Mutual Funds,2024-03-31 10:07:29
23193,1515,Stock Trading Account,2024-03-31 11:04:06
22125,1825,Mutual Funds,2024-04-03 07:01:17
27511,1905,Mutual Funds,2024-04-03 16:24:18
25131,1071,Stock Trading Account,2024-04-03 19:12:30
21587,1084,Stock Trading Account,2024-04-03 22:50:01
22074,1719,Mutual Funds,2024-04-05 10:01:54
23995,1903,Mutual Funds,2024-04-05 19:03:38
26766,1861,Stock Trading Account,2024-04-08 06:05:46
28023,1362,Stock Trading Account,2024-04-08 19:24:46
22647,1202,Stock Trading Account,2024-04-09 05:17:08
25294,1912,Stock Trading Account,2024-04-11 05:53:46
22900,1902,Stock Trading Account,2024-04-11 12:26:30
22282,1403,Mutual Funds,2024-04-13 11:22:50
20177,1721,Stock Trading Account,2024-04-13 13:10:51
23987,1205,Mutual Funds,2024-04-14 09:06:39
27527,1813,Stock Trading Account,2024-04-16 01:22:31
20123,1230,Mutual Funds,2024-04-17 15:37:58
20074,1145,Savings Account,2024-04-17 23:39:39
24551,1905,Stock Trading Account,2024-04-20 23:26:42
27600,1584,Mutual Funds,2024-04-21 00:09:54
26234,1718,Stock Trading Account,2024-04-21 03:21:55
24054,1922,Mutual Funds,2024-04-21 17:10:48
22113,1670,Stock Trading Account,2024-04-23 00:45:56
23340,1496,Stock Trading Account,2024-04-23 02:31:56
26256,1697,Mutual Funds,2024-04-23 11:54:52
25815,1027,Mutual Funds,2024-04-24 16:53:41
27381,1991,Mutual Funds,2024-04-25 17:56:23
26594,1279,Stock Trading Account,2024-04-26 08:25:17
22157,1928,Credit Card,2024-04-27 10:34:28
22257,1186,Mutual Funds,2024-04-28 22:06:33
26535,1056,Stock Trading Account,2024-04-29 13:17:48
26556,1413,Mutual Funds,2024-05-01 04:25:39
22928,1042,Mutual Funds,2024-05-01 14:47:59
27848,1985,Mutual Funds,2024-05-02 05:26:24
20159,1366,Mutual Funds,2024-05-02 15:11:24
22549,1976,Stock Trading Account,2024-05-02 17:45:48
26181,1025,Mutual Funds,2024-05-03 11:17:10
20003,1959,Home Loan,2024-05-04 13:08:06
25551,1964,Stock Trading Account,2024-05-05 11:12:33
22850,1823,Home Loan,2024-05-05 16:48:48
26232,1658,Stock Trading Account,2024-05-06 01:35:53
20101,1837,Savings Account,2024-05-06 07:52:49
23429,1246,Mutual Funds,2024-05-06 11:38:50
27785,1509,Mutual Funds,2024-05-06 20:22:15
22580,1922,Stock Trading Account,2024-05-07 07:54:42
26133,1521,Stock Trading Account,2024-05-08 12:29:32
21089,1467,Stock Trading Account,2024-05-10 13:43:08
24395,1683,Mutual Funds,2024-05-10 17:38:55
27627,1678,Mutual Funds,2024-05-11 00:27:08
21180,1659,Stock Trading Account,2024-05-12 05:37:31
26529,1025,Stock Trading Account,2024-05-12 12:48:35
22406,1733,Stock Trading Account,2024-05-13 05:30:46
26373,1598,Stock Trading Account,2024-05-15 14:47:44
21640,1278,Stock Trading Account,2024-05-17 01:03:31
21237,1197,Stock Trading Account,2024-05-18 20:56:51
21330,1800,Stock Trading Account,2024-05-19 07:33:33
24617,1630,Stock Trading Account,2024-05-19 14:56:17
25892,1176,Stock Trading Account,2024-05-19 19:31:30
21390,1279,Mutual Funds,2024-05-20 06:56:32
22331,1774,Stock Trading Account,2024-05-23 17:48:48
22916,1048,Mutual Funds,2024-05-24 00:15:26
23771,1182,Mutual Funds,2024-05-24 02:42:59
27929,1779,Stock Trading Account,2024-05-25 08:59:28
22666,1723,Mutual Funds,2024-05-26 02:04:44
22118,1895,Mutual Funds,2024-05-26 09:39:15
25443,1895,Stock Trading Account,2024-05-27 08:03:32
26420,1232,Mutual Funds,2024-05-27 21:59:10
22612,1174,Mutual Funds,2024-05-28 20:03:07
21682,1818,Stock Trading Account,2024-05-28 22:32:38
21401,1479,Stock Trading Account,2024-05-29 00:39:41
21848,1181,Mutual Funds,2024-05-31 05:39:31
26484,1465,Stock Trading Account,2024-06-03 16:27:50
26691,1676,Mutual Funds,2024-06-04 13:36:15
26629,1467,Mutual Funds,2024-06-05 11:48:29
24454,1445,Mutual Funds,2024-06-08 16:20:46
21433,1263,Stock Trading Account,2024-06-09 09:47:32
21236,1197,Mutual Funds,2024-06-09 12:12:37
26764,1193,Mutual Funds,2024-06-09 23:09:49
22463,1286,Stock Trading Account,2024-06-10 01:08:28
26064,1528,Stock Trading Account,2024-06-11 07:32:43
28033,1236,Mutual Funds,2024-06-12 13:45:36
21107,1246,Stock Trading Account,2024-06-12 23:20:53
27403,1752,Stock Trading Account,2024-06-13 08:24:42
27393,1800,Mutual Funds,2024-06-13 09:45:50
21979,1977,Stock Trading Account,2024-06-14 09:04:32
26942,1806,Mutual Funds,2024-06-14 11:12:22
20221,1077,Mutual Funds,2024-06-14 12:51:53
21739,1534,Education Loan,2024-06-14 22:23:57
22096,1894,Mutual Funds,2024-06-15 03:09:22
23932,1372,Mutual Funds,2024-06-15 23:10:41
26435,1496,Mutual Funds,2024-06-16 12:33:40
25165,1982,Mutual Funds,2024-06-17 20:23:33
23683,1965,Stock Trading Account,2024-06-20 21:53:00
21744,1476,Mutual Funds,2024-06-21 01:48:59
24384,1638,Stock Trading Account,2024-06-21 03:35:19
24172,1729,Mutual Funds,2024-06-22 06:51:12
26837,1855,Stock Trading Account,2024-06-22 10:24:47
25637,1382,Stock Trading Account,2024-06-22 21:24:55
21683,1818,Mutual Funds,2024-06-22 21:28:45
25348,1843,Stock Trading Account,2024-06-24 18:18:25
22408,1733,Mutual Funds,2024-06-25 06:44:26
21137,1301,Stock Trading Account,2024-06-27 21:00:30
23466,1005,Mutual Funds,2024-06-28 02:01:14
26571,1397,Mutual Funds,2024-06-28 13:26:00
25552,1964,Mutual Funds,2024-06-28 13:35:50
23943,1858,Stock Trading Account,2024-06-28 17:12:34
21609,1296,Mutual Funds,2024-07-01 17:40:12
25350,1843,Mutual Funds,2024-07-02 07:37:25
24842,1902,Mutual Funds,2024-07-02 22:37:53
26270,1695,Mutual Funds,2024-07-03 10:43:45
25086,1312,Mutual Funds,2024-07-04 07:13:01
26238,1347,Mutual Funds,2024-07-04 09:17:37
20178,1721,Mutual Funds,2024-07-04 10:36:31
23603,1242,Stock Trading Account,2024-07-04 18:35:44
21284,1927,Stock Trading Account,2024-07-05 11:21:33
24964,1442,Stock Trading Account,2024-07-05 23:29:55
20742,1613,Mutual Funds,2024-07-06 22:48:11
26118,1278,Mutual Funds,2024-07-06 23:57:20
23467,1005,Stock Trading Account,2024-07-07 11:48:45
23657,1580,Stock Trading Account,2024-07-07 22:28:37
20222,1077,Stock Trading Account,2024-07-10 19:43:44
26372,1598,Mutual Funds,2024-07-12 06:00:18
24389,1442,Mutual Funds,2024-07-12 15:27:12
27407,1752,Mutual Funds,2024-07-13 01:49:38
25995,1965,Mutual Funds,2024-07-13 08:16:35
22563,1694,Stock Trading Account,2024-07-13 20:12:07
27204,1591,Mutual Funds,2024-07-14 10:25:38
26978,1838,Mutual Funds,2024-07-14 20:34:42
20181,1511,Stock Trading Account,2024-07-16 00:46:19
25399,1814,Mutual Funds,2024-07-16 20:00:15
23655,1580,Mutual Funds,2024-07-17 20:55:27
24303,1551,Mutual Funds,2024-07-18 08:18:22
21304,1448,Stock Trading Account,2024-07-19 05:51:52
23944,1822,Stock Trading Account,2024-07-19 14:45:27
21326,1250,Stock Trading Account,2024-07-21 11:34:10
27085,1090,Stock Trading Account,2024-07-21 18:48:29
21303,1448,Mutual Funds,2024-07-21 19:16:11
22033,1838,Stock Trading Account,2024-07-22 02:55:38
20353,1335,Stock Trading Account,2024-07-23 05:44:34
24231,1381,Stock Trading Account,2024-07-23 11:25:13
20884,1742,Stock Trading Account,2024-07-23 13:05:19
20241,1852,Credit Card,2024-07-24 13:10:13
26178,1759,Mutual Funds,2024-07-24 17:17:05
20014,1839,Home Loan,2024-07-24 20:13:43
27000,1923,Stock Trading Account,2024-07-26 02:11:31
23767,1617,Stock Trading Account,2024-07-26 21:00:27
22608,1915,Mutual Funds,2024-07-28 00:01:01
25719,1083,Stock Trading Account,2024-07-28 02:35:24
21680,1200,Stock Trading Account,2024-07-28 08:38:40
25709,1535,Mutual Funds,2024-07-28 19:06:37
23420,1479,Mutual Funds,2024-07-29 14:21:33
23666,1337,Savings Account,2024-07-29 17:15:07
22156,1928,Stock Trading Account,2024-08-01 01:58:20
25941,1638,Mutual Funds,2024-08-02 22:00:39
21897,1080,Stock Trading Account,2024-08-03 10:20:25
26083,1175,Stock Trading Account,2024-08-05 02:43:17
23024,1567,Mutual Funds,2024-08-05 18:07:35
25450,1894,Stock Trading Account,2024-08-06 00:19:11
23040,1017,Mutual Funds,2024-08-06 06:09:02
20098,1977,Education Loan,2024-08-06 10:01:48
24593,1759,Stock Trading Account,2024-08-06 11:00:22
24085,1468,Mutual Funds,2024-08-06 14:37:07
20439,1557,Mutual Funds,2024-08-06 18:26:07
27195,1535,Stock Trading Account,2024-08-06 20:27:50
26007,1674,Stock Trading Account,2024-08-09 01:58:43
20287,1108,Stock Trading Account,2024-08-10 04:15:32
23659,1592,Mutual Funds,2024-08-11 08:24:31
26676,1705,Mutual Funds,2024-08-12 13:54:07
20291,1566,Mutual Funds,2024-08-13 10:11:22
27761,1176,Mutual Funds,2024-08-13 22:20:32
20880,1196,Stock Trading Account,2024-08-14 03:31:57
20161,1634,Personal Loan,2024-08-14 12:35:13
24420,1617,Mutual Funds,2024-08-16 01:08:07
23870,1286,Mutual Funds,2024-08-16 22:39:37
20419,1127,Mutual Funds,2024-08-17 23:44:39
24733,1461,Mutual Funds,2024-08-19 17:33:21
20100,1837,Mutual Funds,2024-08-19 22:57:08
24863,1877,Stock Trading Account,2024-08-20 18:45:39
21188,1673,Stock Trading Account,2024-08-21 13:25:16
26108,1884,Mutual Funds,2024-08-21 18:38:32
25237,1095,Mutual Funds,2024-08-23 04:56:15
20297,1595,Stock Trading Account,2024-08-23 07:01:11
21681,1635,Credit Card,2024-08-23 14:25:21
24356,1999,Mutual Funds,2024-08-24 14:19:17
21209,1335,Mutual Funds,2024-08-25 12:53:46
20963,1090,Mutual Funds,2024-08-25 19:32:46
26485,1465,Mutual Funds,2024-08-26 21:13:54
21712,1551,Stock Trading Account,2024-08-27 08:29:32
21894,1080,Mutual Funds,2024-08-27 08:56:25
26361,1742,Mutual Funds,2024-08-29 00:37:25
23883,1290,Mutual Funds,2024-08-29 08:24:32
24357,1999,Stock Trading Account,2024-08-29 22:29:44
27758,1092,Mutual Funds,2024-08-30 18:48:29
27892,1852,Stock Trading Account,2024-08-31 03:53:00
25798,1601,Mutual Funds,2024-08-31 23:41:40
21135,1301,Mutual Funds,2024-09-01 07:02:37
25164,1982,Stock Trading Account,2024-09-02 15:09:59
20096,1977,Mutual Funds,2024-09-02 18:25:26
24929,1159,Mutual Funds,2024-09-03 14:34:25
25526,1526,Mutual Funds,2024-09-04 19:52:43
27095,1552,Personal Loan,2024-09-05 01:50:13
20864,1248,Mutual Funds,2024-09-07 03:08:15
24154,1127,Stock Trading Account,2024-09-07 13:03:29
24615,1399,Stock Trading Account,2024-09-07 20:56:21
26892,1829,Stock Trading Account,2024-09-09 17:43:28
27366,1108,Mutual Funds,2024-09-10 17:49:03
20318,1904,Mutual Funds,2024-09-11 10:02:44
20298,1595,Mutual Funds,2024-09-11 16:49:31
26472,1263,Mutual Funds,2024-09-12 10:08:44
24263,1872,Mutual Funds,2024-09-13 21:04:35
26539,1872,Stock Trading Account,2024-09-14 00:50:09
20787,1786,Stock Trading Account,2024-09-14 01:46:26
22005,1131,Stock Trading Account,2024-09-15 01:00:45
27227,1399,Mutual Funds,2024-09-15 07:28:07
24393,1500,Stock Trading Account,2024-09-15 08:13:11
22329,1774,Mutual Funds,2024-09-15 12:13:14
24491,1609,Stock Trading Account,2024-09-16 05:22:55
25852,1135,Stock Trading Account,2024-09-17 02:11:00
23997,1957,Stock Trading Account,2024-09-17 14:19:21
21842,1206,Mutual Funds,2024-09-18 03:39:25
26328,1879,Mutual Funds,2024-09-18 03:45:12
20391,1603,Mutual Funds,2024-09-18 04:32:53
20440,1557,Stock Trading Account,2024-09-18 09:01:11
21233,1906,Mutual Funds,2024-09-18 19:00:05
27150,1165,Mutual Funds,2024-09-19 22:43:17
20626,1764,Stock Trading Account,2024-09-20 02:43:47
20006,1641,Personal Loan,2024-09-22 12:14:19
27216,1666,Mutual Funds,2024-09-23 21:22:58
20393,1866,Mutual Funds,2024-09-26 09:45:52
21285,1927,Mutual Funds,2024-09-26 19:06:34
25039,1629,Mutual Funds,2024-09-27 02:42:35
26073,1615,Stock Trading Account,2024-09-27 12:24:41
21677,1200,Mutual Funds,2024-09-27 18:51:01
27064,1344,Mutual Funds,2024-09-28 19:54:04
27833,1764,Mutual Funds,2024-09-28 22:57:42
22805,1398,Stock Trading Account,2024-09-29 08:09:53
26274,1731,Stock Trading Account,2024-09-29 16:50:01
26894,1618,Mutual Funds,2024-09-30 05:44:43
20103,1837,Stock Trading Account,2024-10-01 12:55:52
26034,1175,Mutual Funds,2024-10-01 15:40:30
20274,1020,Mutual Funds,2024-10-02 09:48:19
21048,1316,Stock Trading Account,2024-10-02 09:57:13
25528,1609,Mutual Funds,2024-10-03 07:38:39
24868,2000,Stock Trading Account,2024-10-06 06:48:00
25656,1362,Mutual Funds,2024-10-07 19:52:54
23319,1466,Stock Trading Account,2024-10-08 04:25:40
23757,1165,Stock Trading Account,2024-10-09 06:09:04
21113,1686,Mutual Funds,2024-10-09 21:25:44
22109,1340,Stock Trading Account,2024-10-10 16:56:10
26460,1081,Mutual Funds,2024-10-11 14:02:52
25530,1579,Stock Trading Account,2024-10-12 05:34:32
27845,1476,Stock Trading Account,2024-10-12 17:00:44
21889,1542,Mutual Funds,2024-10-12 19:50:48
21696,1162,Credit Card,2024-10-14 19:54:54
23756,1786,Mutual Funds,2024-10-15 06:34:44
26326,1274,Mutual Funds,2024-10-17 18:03:50
20025,1486,Fixed Deposit,2024-10-17 18:18:16
25771,1921,Mutual Funds,2024-10-17 22:32:17
25044,1402,Stock Trading Account,2024-10-18 00:25:24
20461,1705,Stock Trading Account,2024-10-18 02:46:35
20778,1845,Mutual Funds,2024-10-19 01:41:50
27328,1931,Stock Trading Account,2024-10-22 11:26:25
21361,1622,Stock Trading Account,2024-10-22 16:29:42
20289,1270,Stock Trading Account,2024-10-23 09:14:17
20062,1204,Stock Trading Account,2024-10-25 03:55:37
23544,1429,Stock Trading Account,2024-10-25 22:20:57
21832,1542,Stock Trading Account,2024-10-26 11:58:44
24227,1773,Mutual Funds,2024-10-27 06:59:19
20638,1790,Mutual Funds,2024-10-28 04:13:37
25788,1257,Mutual Funds,2024-10-31 09:20:25
25635,1918,Stock Trading Account,2024-11-01 15:06:04
22830,1579,Mutual Funds,2024-11-02 01:21:34
20033,1930,Mutual Funds,2024-11-03 18:43:57
27079,1552,Mutual Funds,2024-11-04 03:54:25
26189,1710,Mutual Funds,2024-11-04 08:30:59
22073,1601,Stock Trading Account,2024-11-04 13:40:52
21899,1716,Stock Trading Account,2024-11-05 00:36:31
24331,1055,Stock Trading Account,2024-11-05 16:47:34
22637,1398,Mutual Funds,2024-11-06 21:24:51
21158,1637,Mutual Funds,2024-11-07 18:26:09
25424,1880,Mutual Funds,2024-11-08 14:22:08
22064,1762,Stock Trading Account,2024-11-08 19:50:50
22389,1413,Stock Trading Account,2024-11-08 23:35:09
21849,1264,Mutual Funds,2024-11-09 15:24:17
23537,1666,Stock Trading Account,2024-11-11 22:25:43
20888,1943,Mutual Funds,2024-11-11 22:45:37
24785,1552,Stock Trading Account,2024-11-12 04:37:45
26572,1397,Stock Trading Account,2024-11-12 05:19:54
23132,1502,Mutual Funds,2024-11-12 21:33:41
24851,1410,Education Loan,2024-11-13 12:07:25
24146,1500,Mutual Funds,2024-11-14 06:47:04
21561,1098,Stock Trading Account,2024-11-15 09:59:25
20481,1163,Mutual Funds,2024-11-15 20:34:18
22279,1260,Stock Trading Account,2024-11-17 07:08:04
24837,1654,Mutual Funds,2024-11-19 16:59:37
24445,1563,Mutual Funds,2024-11-19 21:48:45
22643,1332,Mutual Funds,2024-11-20 14:10:06
25809,1602,Mutual Funds,2024-11-21 09:10:51
23190,1701,Mutual Funds,2024-11-21 12:00:57
21120,1081,Stock Trading Account,2024-11-21 19:51:55
23541,1730,Stock Trading Account,2024-11-21 20:18:16
20253,1271,Mutual Funds,2024-11-22 11:22:47
25175,1710,Stock Trading Account,2024-11-22 20:12:42
22474,1223,Mutual Funds,2024-11-23 02:39:47
24543,1726,Stock Trading Account,2024-11-23 21:45:22
20785,1918,Mutual Funds,2024-11-24 15:04:03
25992,1731,Mutual Funds,2024-11-24 17:16:22
20416,1172,Stock Trading Account,2024-11-26 10:33:00
27528,1262,Mutual Funds,2024-11-26 13:05:29
24202,1880,Stock Trading Account,2024-11-27 03:10:10
21171,1533,Stock Trading Account,2024-11-27 06:02:46
21704,1548,Mutual Funds,2024-11-27 07:01:00
20881,1425,Stock Trading Account,2024-11-29 16:41:30
25159,1529,Mutual Funds,2024-11-30 22:52:02
20609,1845,Stock Trading Account,2024-12-02 08:42:31
23091,1429,Mutual Funds,2024-12-02 17:39:23
28093,1882,Mutual Funds,2024-12-04 05:47:40
26417,1340,Mutual Funds,2024-12-06 13:33:29
22106,1651,Mutual Funds,2024-12-07 22:45:43
23585,1701,Stock Trading Account,2024-12-08 17:22:01
21886,1848,Mutual Funds,2024-12-09 17:39:49
22518,1827,Stock Trading Account,2024-12-10 02:13:16
25185,1704,Stock Trading Account,2024-12-10 16:52:13
22862,1639,Stock Trading Account,2024-12-11 05:44:06
22964,1829,Mutual Funds,2024-12-11 18:24:18
20050,1343,Personal Loan,2024-12-12 11:08:59
23080,1274,Stock Trading Account,2024-12-12 22:44:52
22305,1762,Mutual Funds,2024-12-13 11:41:37
21794,1441,Stock Trading Account,2024-12-13 13:40:43
24573,1753,Stock Trading Account,2024-12-16 00:30:07
20646,1772,Stock Trading Account,2024-12-16 02:01:02
25401,2000,Mutual Funds,2024-12-16 20:40:33
24108,1332,Stock Trading Account,2024-12-17 04:57:47
21162,1252,Mutual Funds,2024-12-17 09:25:38
25643,1291,Stock Trading Account,2024-12-17 12:10:47
24973,1262,Stock Trading Account,2024-12-17 15:29:17
21143,1441,Mutual Funds,2024-12-18 03:38:41
25251,1064,Stock Trading Account,2024-12-18 08:41:05
20828,1209,Stock Trading Account,2024-12-19 02:27:38
25853,1135,Mutual Funds,2024-12-19 11:02:37
24256,1212,Mutual Funds,2024-12-19 11:46:23
22768,1316,Mutual Funds,2024-12-21 13:11:04
21530,1608,Stock Trading Account,2024-12-21 14:45:07
24494,1568,Mutual Funds,2024-12-21 19:44:02
20635,1753,Mutual Funds,2024-12-22 06:09:32
20820,1791,Stock Trading Account,2024-12-22 20:31:52
25766,1975,Stock Trading Account,2024-12-23 18:53:40
22723,1011,Stock Trading Account,2024-12-24 19:23:16
22967,1900,Mutual Funds,2024-12-24 20:44:11
27866,1343,Stock Trading Account,2024-12-26 13:58:47
21645,1548,Stock Trading Account,2024-12-26 18:41:10
21161,1159,Stock Trading Account,2024-12-28 17:25:44
27218,1480,Stock Trading Account,2024-12-29 01:35:25
20613,1664,Stock Trading Account,2024-12-30 00:38:07
25823,1680,Mutual Funds,2024-12-30 05:52:05
28031,1923,Mutual Funds,2024-12-30 23:38:13
21141,1139,Mutual Funds,2024-12-31 17:36:27
22837,1934,Mutual Funds,2024-12-31 21:13:09
22578,1353,Stock Trading Account,2024-12-31 23:14:10
26998,1168,Stock Trading Account,2025-01-02 16:14:07
20065,1424,Mutual Funds,2025-01-02 16:54:31
26928,1483,Mutual Funds,2025-01-02 22:43:16
20630,1477,Mutual Funds,2025-01-03 06:16:56
24078,1826,Stock Trading Account,2025-01-04 15:01:11
27390,1353,Mutual Funds,2025-01-05 00:41:43
26060,1858,Mutual Funds,2025-01-05 04:28:11
27131,1168,Mutual Funds,2025-01-06 08:29:14
27615,1634,Stock Trading Account,2025-01-06 12:36:35
20009,1946,Savings Account,2025-01-06 14:59:38
26058,1513,Mutual Funds,2025-01-07 03:39:45
21847,1181,Stock Trading Account,2025-01-10 14:56:43
20049,1343,Mutual Funds,2025-01-10 21:26:54
23378,1451,Mutual Funds,2025-01-11 07:31:48
26841,1855,Mutual Funds,2025-01-12 08:50:00
24049,1112,Stock Trading Account,2025-01-12 15:07:44
24735,1461,Stock Trading Account,2025-01-12 15:17:58
23431,1354,Mutual Funds,2025-01-12 21:41:27
24995,1073,Mutual Funds,2025-01-13 13:41:48
20890,1761,Stock Trading Account,2025-01-14 01:33:49
21663,1065,Mutual Funds,2025-01-14 15:21:47
25647,1947,Mutual Funds,2025-01-14 21:45:54
20607,1691,Stock Trading Account,2025-01-16 13:29:17
26145,1364,Mutual Funds,2025-01-16 19:22:34
20479,1608,Mutual Funds,2025-01-17 03:56:56
21232,1906,Stock Trading Account,2025-01-17 05:15:34
22473,1223,Stock Trading Account,2025-01-18 08:53:08
20316,1931,Mutual Funds,2025-01-18 13:57:45
21167,1662,Mutual Funds,2025-01-18 16:36:00
24353,1056,Mutual Funds,2025-01-19 16:37:31
21709,1866,Stock Trading Account,2025-01-19 17:14:12
23432,1354,Stock Trading Account,2025-01-20 18:18:42
26614,1342,Mutual Funds,2025-01-20 23:31:31
21404,1948,Stock Trading Account,2025-01-21 12:51:55
24207,1558,Stock Trading Account,2025-01-22 01:11:27
22952,1773,Stock Trading Account,2025-01-22 10:20:11
24115,1908,Mutual Funds,2025-01-22 10:45:29
20063,1204,Fixed Deposit,2025-01-22 18:34:38
24651,1699,Stock Trading Account,2025-01-22 21:56:08
23704,1264,Stock Trading Account,2025-01-23 01:42:46
23879,1537,Mutual Funds,2025-01-24 05:35:20
25959,1885,Stock Trading Account,2025-01-25 02:07:35
20027,1684,Mutual Funds,2025-01-25 20:37:19
21046,1558,Mutual Funds,2025-01-26 14:18:15
27873,1796,Stock Trading Account,2025-01-27 10:34:45
22124,1785,Mutual Funds,2025-01-29 03:24:59
20048,1490,Stock Trading Account,2025-01-29 10:08:37
26591,1065,Stock Trading Account,2025-01-29 10:38:14
26066,1728,Mutual Funds,2025-01-29 23:54:43
24814,1985,Stock Trading Account,2025-01-30 02:41:36
27456,1445,Stock Trading Account,2025-02-02 02:59:30
23630,1791,Mutual Funds,2025-02-05 00:40:17
20135,1529,Stock Trading Account,2025-02-05 06:02:37
24091,1134,Stock Trading Account,2025-02-08 11:09:49
20240,1405,Mutual Funds,2025-02-08 13:05:33
20615,1694,Mutual Funds,2025-02-09 04:16:48
22198,1456,Stock Trading Account,2025-02-10 16:01:09
20610,1664,Mutual Funds,2025-02-11 01:23:14
21244,1827,Mutual Funds,2025-02-11 19:45:51
24152,1466,Mutual Funds,2025-02-12 20:35:22
26416,1930,Stock Trading Account,2025-02-13 09:15:49
26642,1338,Stock Trading Account,2025-02-16 09:21:41
27350,1899,Stock Trading Account,2025-02-16 10:09:10
22766,1637,Stock Trading Account,2025-02-17 08:22:10
27001,1406,Stock Trading Account,2025-02-21 23:10:19
20053,1327,Home Loan,2025-02-22 01:24:24
27148,1035,Stock Trading Account,2025-02-22 23:58:47
21440,1602,Stock Trading Account,2025-02-24 19:46:12
21620,1409,Stock Trading Account,2025-02-24 21:17:30
26641,1112,Mutual Funds,2025-02-26 03:39:08
27893,1615,Mutual Funds,2025-02-27 22:47:12
21126,1728,Stock Trading Account,2025-02-28 04:16:50
22098,1064,Mutual Funds,2025-02-28 20:18:23
20988,1369,Stock Trading Account,2025-03-01 09:52:00
22846,1076,Mutual Funds,2025-03-01 16:21:17
20064,1456,Mutual Funds,2025-03-03 08:30:40
22566,1160,Mutual Funds,2025-03-03 08:41:04
20047,1082,Stock Trading Account,2025-03-03 11:04:49
20130,1207,Stock Trading Account,2025-03-03 18:40:48
22831,1908,Stock Trading Account,2025-03-03 18:49:55
21522,1035,Mutual Funds,2025-03-03 22:36:23
20591,1013,Mutual Funds,2025-03-04 08:24:22
27597,1210,Stock Trading Account,2025-03-04 21:46:48
25688,1756,Mutual Funds,2025-03-04 23:49:39
26581,1191,Mutual Funds,2025-03-05 21:42:51
26731,1889,Mutual Funds,2025-03-06 03:52:13
20034,1509,Personal Loan,2025-03-06 14:10:29
26494,1505,Stock Trading Account,2025-03-09 05:45:24
23708,1237,Mutual Funds,2025-03-09 13:25:32
23371,1889,Stock Trading Account,2025-03-10 07:48:13
22629,1160,Stock Trading Account,2025-03-12 09:58:09
27605,1947,Stock Trading Account,2025-03-13 01:15:44
23241,1958,Stock Trading Account,2025-03-14 13:59:06
23433,1191,Stock Trading Account,2025-03-14 14:51:12
22386,1488,Mutual Funds,2025-03-14 17:00:07
28072,1210,Mutual Funds,2025-03-14 19:04:14
21795,1012,Stock Trading Account,2025-03-14 22:45:46
21893,1781,Mutual Funds,2025-03-15 05:58:47
20002,1959,Credit Card,2025-03-15 08:41:15
23572,1208,Mutual Funds,2025-03-16 09:42:34
24312,1492,Stock Trading Account,2025-03-16 16:40:36
24909,1821,Stock Trading Account,2025-03-17 07:38:24
20647,1772,Mutual Funds,2025-03-18 09:19:11
26729,1835,Mutual Funds,2025-03-20 09:55:46
25947,1364,Stock Trading Account,2025-03-20 17:55:38
21548,1916,Mutual Funds,2025-03-21 05:49:16
24327,1252,Stock Trading Account,2025-03-21 07:55:33
22551,1809,Stock Trading Account,2025-03-21 21:16:04
23629,1831,Stock Trading Account,2025-03-23 00:11:51
20862,1781,Stock Trading Account,2025-03-23 10:22:43
20940,1395,Mutual Funds,2025-03-23 22:01:27
25770,1921,Stock Trading Account,2025-03-24 01:22:39
24090,1134,Mutual Funds,2025-03-24 03:59:43
22682,1706,Stock Trading Account,2025-03-24 13:54:49
23296,1513,Stock Trading Account,2025-03-25 16:52:32
24458,1975,Mutual Funds,2025-03-25 19:02:39
21257,1248,Stock Trading Account,2025-03-25 21:15:37
27359,1916,Stock Trading Account,2025-03-25 23:01:33
24232,1381,Mutual Funds,2025-03-26 10:00:02
26260,1118,Stock Trading Account,2025-03-26 19:57:37
27013,1139,Stock Trading Account,2025-03-26 21:00:54
23902,1228,Stock Trading Account,2025-03-27 08:35:34
20021,1898,Stock Trading Account,2025-03-28 08:27:10
24891,1680,Stock Trading Account,2025-03-28 17:22:19
22984,1443,Stock Trading Account,2025-03-29 07:00:28
26185,1898,Mutual Funds,2025-03-29 08:25:21
25371,1021,Stock Trading Account,2025-03-29 18:13:35
22657,1380,Mutual Funds,2025-03-29 20:19:53
27232,1412,Stock Trading Account,2025-03-31 01:26:55
26804,1491,Stock Trading Account,2025-04-02 16:31:29
24084,1468,Stock Trading Account,2025-04-03 18:54:09
25562,1824,Stock Trading Account,2025-04-04 15:14:53
20948,1836,Savings Account,2025-04-05 05:49:33
20879,1196,Mutual Funds,2025-04-05 06:09:17
27165,1379,Mutual Funds,2025-04-05 10:33:48
22439,1979,Mutual Funds,2025-04-05 11:56:12
27002,1406,Mutual Funds,2025-04-06 00:20:09
22301,1131,Mutual Funds,2025-04-06 12:47:10
22516,1183,Mutual Funds,2025-04-09 02:30:16
27799,1244,Stock Trading Account,2025-04-09 20:42:33
27004,1699,Mutual Funds,2025-04-09 21:52:53
21278,1118,Mutual Funds,2025-04-11 01:55:41
20842,1756,Stock Trading Account,2025-04-11 02:17:00
27457,1870,Mutual Funds,2025-04-11 08:22:58
22550,1021,Mutual Funds,2025-04-11 09:16:00
26670,1661,Mutual Funds,2025-04-11 17:57:20
22455,1847,Mutual Funds,2025-04-14 00:57:02
24895,1489,Stock Trading Account,2025-04-14 17:13:59
24044,1661,Stock Trading Account,2025-04-15 06:21:18
20292,1121,Mutual Funds,2025-04-17 10:11:49
26482,1573,Stock Trading Account,2025-04-17 16:51:30
21405,1948,Mutual Funds,2025-04-18 12:28:14
27519,1943,Stock Trading Account,2025-04-19 09:21:10
25812,1451,Stock Trading Account,2025-04-19 20:34:31
23595,1089,Mutual Funds,2025-04-21 15:25:11
24482,1285,Mutual Funds,2025-04-21 23:45:05
27800,1244,Mutual Funds,2025-04-22 21:27:54
28032,1409,Mutual Funds,2025-04-23 02:31:33
25690,1642,Stock Trading Account,2025-04-23 22:15:24
24773,1566,Stock Trading Account,2025-04-24 00:21:29
20224,1240,Mutual Funds,2025-04-24 01:15:41
25241,1477,Stock Trading Account,2025-04-25 01:51:10
24894,1489,Mutual Funds,2025-04-25 03:01:46
27764,1072,Mutual Funds,2025-04-25 05:03:32
24000,1760,Stock Trading Account,2025-04-26 00:38:22
26388,1801,Stock Trading Account,2025-04-26 13:50:35
20058,1672,Savings Account,2025-04-27 04:59:08
25316,1662,Stock Trading Account,2025-04-28 08:15:35
26389,1801,Mutual Funds,2025-04-29 01:18:24
24800,1809,Mutual Funds,2025-04-29 04:52:29
22558,1326,Mutual Funds,2025-04-29 18:14:28
21000,1460,Stock Trading Account,2025-04-30 21:31:14
23481,1730,Mutual Funds,2025-04-30 21:36:12
26551,1686,Stock Trading Account,2025-05-01 19:06:54
27996,1633,Stock Trading Account,2025-05-01 22:35:07
22610,1089,Stock Trading Account,2025-05-02 03:27:25
22021,1751,Stock Trading Account,2025-05-02 12:16:14
27175,1239,Stock Trading Account,2025-05-02 17:39:45
26063,1633,Mutual Funds,2025-05-02 19:16:30
22306,1036,Stock Trading Account,2025-05-03 12:25:23
22860,1121,Stock Trading Account,2025-05-03 16:02:32
27010,1342,Stock Trading Account,2025-05-03 16:52:53
26794,1228,Mutual Funds,2025-05-04 06:55:01
20725,1420,Stock Trading Account,2025-05-05 03:10:12
23801,1531,Mutual Funds,2025-05-05 13:36:16
21715,1682,Mutual Funds,2025-05-07 09:26:52
22790,1010,Mutual Funds,2025-05-07 17:31:16
24721,1632,Mutual Funds,2025-05-08 18:56:44
21020,1958,Mutual Funds,2025-05-09 11:13:09
27024,1691,Mutual Funds,2025-05-10 10:02:53
22583,1356,Mutual Funds,2025-05-11 03:26:24
20711,1464,Credit Card,2025-05-11 23:41:30
24376,1766,Mutual Funds,2025-05-12 20:08:50
21703,1072,Stock Trading Account,2025-05-12 23:25:39
27014,1285,Stock Trading Account,2025-05-14 06:50:43
22855,1553,Mutual Funds,2025-05-17 06:32:23
23261,1326,Stock Trading Account,2025-05-17 06:41:18
24822,1137,Stock Trading Account,2025-05-17 06:52:26
25703,1714,Stock Trading Account,2025-05-17 10:29:40
24752,1240,Stock Trading Account,2025-05-17 13:00:09
24720,1632,Stock Trading Account,2025-05-18 19:43:31
21898,1716,Mutual Funds,2025-05-18 22:38:03
24258,1369,Mutual Funds,2025-05-18 23:27:40
26952,1543,Stock Trading Account,2025-05-19 16:31:36
21001,1460,Mutual Funds,2025-05-19 20:32:38
21298,1663,Mutual Funds,2025-05-20 02:25:53
26584,1045,Stock Trading Account,2025-05-20 09:25:47
24517,1920,Mutual Funds,2025-05-20 20:35:16
27928,1779,Mutual Funds,2025-05-20 21:05:24
23853,1760,Mutual Funds,2025-05-21 04:13:53
21731,1682,Stock Trading Account,2025-05-23 07:05:02
23739,1282,Stock Trading Account,2025-05-23 14:55:45
26314,1941,Stock Trading Account,2025-05-26 04:09:58
21322,1134,Credit Card,2025-05-27 03:57:23
25446,1715,Mutual Funds,2025-05-27 16:56:24
27317,1037,Mutual Funds,2025-05-29 02:22:28
25547,1265,Mutual Funds,2025-05-29 04:24:35
27220,1137,Mutual Funds,2025-05-30 00:58:26
20434,1361,Mutual Funds,2025-05-30 15:27:46
23098,1713,Stock Trading Account,2025-05-30 22:11:46
24560,1713,Mutual Funds,2025-05-30 23:38:27
23406,1831,Mutual Funds,2025-05-31 07:47:00
20028,1684,Savings Account,2025-06-01 07:59:07
23707,1237,Stock Trading Account,2025-06-01 10:38:29
27036,1663,Stock Trading Account,2025-06-01 16:35:38
20073,1795,Stock Trading Account,2025-06-01 23:01:07
26550,1715,Stock Trading Account,2025-06-02 06:02:57
25556,1938,Stock Trading Account,2025-06-03 02:38:04
27208,1276,Stock Trading Account,2025-06-05 05:22:30
28068,1295,Mutual Funds,2025-06-05 05:46:51
20066,1424,Stock Trading Account,2025-06-06 10:21:04
21129,1265,Stock Trading Account,2025-06-06 18:57:43
23998,1067,Stock Trading Account,2025-06-07 18:11:57
20315,1109,Stock Trading Account,2025-06-08 12:11:18
22811,1464,Stock Trading Account,2025-06-09 06:51:54
26134,1521,Mutual Funds,2025-06-09 14:12:12
26245,1356,Stock Trading Account,2025-06-09 22:02:02
27816,1795,Mutual Funds,2025-06-12 00:02:00
27603,1979,Stock Trading Account,2025-06-12 01:22:27
22658,1380,Stock Trading Account,2025-06-12 05:30:35
22804,1636,Mutual Funds,2025-06-12 20:51:02
24371,1455,Mutual Funds,2025-06-12 22:35:03
25455,1899,Mutual Funds,2025-06-13 06:18:45
24969,1636,Stock Trading Account,2025-06-13 12:33:48
22892,1282,Mutual Funds,2025-06-14 08:34:33
23503,1276,Mutual Funds,2025-06-15 04:30:33
28053,1283,Stock Trading Account,2025-06-15 07:28:06
20902,1751,Mutual Funds,2025-06-15 17:49:02
21174,1229,Stock Trading Account,2025-06-16 12:46:25
27535,1405,Stock Trading Account,2025-06-16 21:41:59
26916,1001,Stock Trading Account,2025-06-17 11:39:36
22385,1488,Stock Trading Account,2025-06-17 16:03:40
26115,1067,Mutual Funds,2025-06-17 22:03:30
26282,1019,Mutual Funds,2025-06-20 08:11:54
21175,1229,Mutual Funds,2025-06-20 08:57:33
21503,1803,Stock Trading Account,2025-06-20 16:30:37
26351,1464,Mutual Funds,2025-06-20 19:12:37
24656,1645,Mutual Funds,2025-06-21 02:23:04
22146,1016,Mutual Funds,2025-06-21 20:13:58
28067,1938,Mutual Funds,2025-06-21 20:51:09
26278,1870,Stock Trading Account,2025-06-22 00:30:57
26313,1941,Mutual Funds,2025-06-22 01:23:12
24106,1546,Education Loan,2025-06-23 18:41:39
21779,1334,Stock Trading Account,2025-06-23 21:39:48
26666,1113,Mutual Funds,2025-06-24 18:01:06
21388,1295,Stock Trading Account,2025-06-24 22:38:32
26941,1349,Stock Trading Account,2025-06-25 06:59:09
20722,1639,Mutual Funds,2025-06-25 14:43:20
26398,1765,Mutual Funds,2025-06-27 01:56:53
24645,1361,Stock Trading Account,2025-06-29 13:17:51
25321,1516,Mutual Funds,2025-06-30 08:34:16
25263,1766,Stock Trading Account,2025-06-30 16:04:41
25768,1750,Mutual Funds,2025-07-02 04:25:03
27281,1375,Stock Trading Account,2025-07-02 05:01:36
25322,1018,Mutual Funds,2025-07-02 09:18:38
26418,1232,Stock Trading Account,2025-07-03 07:41:35
27851,1955,Stock Trading Account,2025-07-03 19:16:41
24330,1055,Mutual Funds,2025-07-04 14:22:13
20061,1141,Mutual Funds,2025-07-04 15:10:47
24952,1349,Mutual Funds,2025-07-04 21:46:22
27093,1075,Stock Trading Account,2025-07-05 02:45:17
20745,1750,Stock Trading Account,2025-07-05 07:04:57
23800,1531,Stock Trading Account,2025-07-05 19:45:22
20364,1348,Mutual Funds,2025-07-05 23:27:39
25855,1605,Stock Trading Account,2025-07-06 01:13:32
22695,1113,Stock Trading Account,2025-07-06 05:43:18
20815,1817,Stock Trading Account,2025-07-06 13:06:20
27255,1137,Fixed Deposit,2025-07-07 00:00:30
26233,1313,Mutual Funds,2025-07-07 09:20:27
22300,1560,Stock Trading Account,2025-07-08 05:12:29
26876,1516,Stock Trading Account,2025-07-08 06:31:49
20844,1201,Personal Loan,2025-07-08 09:18:50
25319,1817,Mutual Funds,2025-07-09 03:13:15
21963,1284,Mutual Funds,2025-07-09 04:04:05
27003,1844,Stock Trading Account,2025-07-10 02:28:47
26807,1253,Mutual Funds,2025-07-10 06:56:44
26397,1765,Stock Trading Account,2025-07-10 15:11:26
26622,1297,Mutual Funds,2025-07-10 15:22:00
24828,1625,Stock Trading Account,2025-07-10 19:41:23
20131,1207,Mutual Funds,2025-07-11 04:08:23
23876,1803,Mutual Funds,2025-07-11 14:37:40
20019,1122,Fixed Deposit,2025-07-12 10:28:37
21746,1253,Stock Trading Account,2025-07-12 12:03:13
21173,1141,Stock Trading Account,2025-07-12 17:20:36
27070,1349,Personal Loan,2025-07-13 11:19:05
23457,1950,Stock Trading Account,2025-07-14 12:57:57
22361,1122,Mutual Funds,2025-07-15 04:51:36
25529,1060,Mutual Funds,2025-07-15 10:10:54
27581,1099,Mutual Funds,2025-07-15 14:43:17
25854,1605,Mutual Funds,2025-07-15 18:50:01
21965,1016,Stock Trading Account,2025-07-15 19:53:04
22636,1560,Mutual Funds,2025-07-17 02:56:30
20674,1050,Stock Trading Account,2025-07-17 06:19:04
22663,1076,Stock Trading Account,2025-07-18 03:40:25
20544,1019,Stock Trading Account,2025-07-18 07:09:37
22231,1625,Mutual Funds,2025-07-18 10:24:42
26921,1179,Mutual Funds,2025-07-19 00:42:57
26920,1554,Stock Trading Account,2025-07-19 06:39:13
21729,1050,Mutual Funds,2025-07-19 13:55:38
23196,1553,Stock Trading Account,2025-07-20 02:57:56
20020,1122,Stock Trading Account,2025-07-21 08:09:18
21045,1554,Mutual Funds,2025-07-21 14:56:42
